Mesocosm,time_pt,richness,swamp,water_treatment,fire_treatment,veg,days
CAT_CH_01,1,4,CA,H,ub,ch,59
CAT_CH_01,2,5,CA,H,ub,ch,161
CAT_CH_01,3,5,CA,H,ub,ch,248
CAT_CH_01,4,5,CA,H,ub,ch,334
CAT_CH_01,5,5,CA,H,ub,ch,444
CAT_CH_01,6,5,CA,H,ub,ch,587
CAT_CH_01,7,5,CA,H,b,ch,797
CAT_CH_01,8,4,CA,H,b,ch,987
CAT_CH_01,9,4,CA,H,b,ch,1261
CAT_CH_02,1,7,CA,L,ub,ch,59
CAT_CH_02,2,7,CA,L,ub,ch,161
CAT_CH_02,3,5,CA,L,ub,ch,248
CAT_CH_02,4,5,CA,L,ub,ch,334
CAT_CH_02,5,4,CA,L,ub,ch,444
CAT_CH_02,6,4,CA,L,ub,ch,587
CAT_CH_02,7,3,CA,L,b,ch,797
CAT_CH_02,8,3,CA,L,b,ch,987
CAT_CH_02,9,3,CA,L,b,ch,1261
CAT_CH_03,1,6,CA,L,ub,ch,59
CAT_CH_03,2,7,CA,L,ub,ch,161
CAT_CH_03,3,6,CA,L,ub,ch,248
CAT_CH_03,4,6,CA,L,ub,ch,334
CAT_CH_03,5,6,CA,L,ub,ch,444
CAT_CH_03,6,8,CA,L,ub,ch,587
CAT_CH_03,7,3,CA,L,b,ch,797
CAT_CH_03,8,3,CA,L,b,ch,987
CAT_CH_03,9,3,CA,L,b,ch,1261
CAT_CH_04,1,6,CA,M,ub,ch,59
CAT_CH_04,2,6,CA,M,ub,ch,161
CAT_CH_04,3,6,CA,M,ub,ch,248
CAT_CH_04,4,6,CA,M,ub,ch,334
CAT_CH_04,5,6,CA,M,ub,ch,444
CAT_CH_04,6,6,CA,M,ub,ch,587
CAT_CH_04,7,6,CA,M,ub,ch,797
CAT_CH_04,8,5,CA,M,ub,ch,987
CAT_CH_04,9,6,CA,M,ub,ch,1261
CAT_CH_05,1,9,CA,L,ub,ch,59
CAT_CH_05,2,11,CA,L,ub,ch,161
CAT_CH_05,3,11,CA,L,ub,ch,248
CAT_CH_05,4,11,CA,L,ub,ch,334
CAT_CH_05,5,13,CA,L,ub,ch,444
CAT_CH_05,6,12,CA,L,ub,ch,587
CAT_CH_05,7,9,CA,L,ub,ch,797
CAT_CH_05,8,7,CA,L,ub,ch,987
CAT_CH_05,9,7,CA,L,ub,ch,1261
CAT_CH_06,1,5,CA,L,ub,ch,59
CAT_CH_06,2,5,CA,L,ub,ch,161
CAT_CH_06,3,5,CA,L,ub,ch,248
CAT_CH_06,4,5,CA,L,ub,ch,334
CAT_CH_06,5,5,CA,L,ub,ch,444
CAT_CH_06,6,6,CA,L,ub,ch,587
CAT_CH_06,7,3,CA,L,b,ch,797
CAT_CH_06,8,3,CA,L,b,ch,987
CAT_CH_06,9,3,CA,L,b,ch,1261
CAT_CH_07,1,8,CA,H,ub,ch,59
CAT_CH_07,2,8,CA,H,ub,ch,161
CAT_CH_07,3,9,CA,H,ub,ch,248
CAT_CH_07,4,9,CA,H,ub,ch,334
CAT_CH_07,5,9,CA,H,ub,ch,444
CAT_CH_07,6,7,CA,H,ub,ch,587
CAT_CH_07,7,6,CA,H,b,ch,797
CAT_CH_07,8,7,CA,H,b,ch,987
CAT_CH_07,9,7,CA,H,b,ch,1261
CAT_CH_08,1,8,CA,H,ub,ch,59
CAT_CH_08,2,8,CA,H,ub,ch,161
CAT_CH_08,3,7,CA,H,ub,ch,248
CAT_CH_08,4,8,CA,H,ub,ch,334
CAT_CH_08,5,10,CA,H,ub,ch,444
CAT_CH_08,6,7,CA,H,ub,ch,587
CAT_CH_08,7,7,CA,H,ub,ch,797
CAT_CH_08,8,5,CA,H,ub,ch,987
CAT_CH_08,9,5,CA,H,ub,ch,1261
CAT_CH_09,1,9,CA,M,ub,ch,59
CAT_CH_09,2,10,CA,M,ub,ch,161
CAT_CH_09,3,8,CA,M,ub,ch,248
CAT_CH_09,4,10,CA,M,ub,ch,334
CAT_CH_09,5,9,CA,M,ub,ch,444
CAT_CH_09,6,10,CA,M,ub,ch,587
CAT_CH_09,7,6,CA,M,b,ch,797
CAT_CH_09,8,6,CA,M,b,ch,987
CAT_CH_09,9,6,CA,M,b,ch,1261
CAT_CH_10,1,3,CA,M,ub,ch,59
CAT_CH_10,2,3,CA,M,ub,ch,161
CAT_CH_10,3,3,CA,M,ub,ch,248
CAT_CH_10,4,3,CA,M,ub,ch,334
CAT_CH_10,5,3,CA,M,ub,ch,444
CAT_CH_10,6,3,CA,M,ub,ch,587
CAT_CH_10,7,3,CA,M,ub,ch,797
CAT_CH_10,8,3,CA,M,ub,ch,987
CAT_CH_10,9,3,CA,M,ub,ch,1261
CAT_CH_11,1,6,CA,M,ub,ch,59
CAT_CH_11,2,6,CA,M,ub,ch,161
CAT_CH_11,3,6,CA,M,ub,ch,248
CAT_CH_11,4,6,CA,M,ub,ch,334
CAT_CH_11,5,6,CA,M,ub,ch,444
CAT_CH_11,6,5,CA,M,ub,ch,587
CAT_CH_11,7,5,CA,M,b,ch,797
CAT_CH_11,8,4,CA,M,b,ch,987
CAT_CH_11,9,4,CA,M,b,ch,1261
CAT_CH_12,1,9,CA,H,ub,ch,59
CAT_CH_12,2,10,CA,H,ub,ch,161
CAT_CH_12,3,11,CA,H,ub,ch,248
CAT_CH_12,4,11,CA,H,ub,ch,334
CAT_CH_12,5,11,CA,H,ub,ch,444
CAT_CH_12,6,9,CA,H,ub,ch,587
CAT_CH_12,7,5,CA,H,b,ch,797
CAT_CH_12,8,5,CA,H,b,ch,987
CAT_CH_12,9,4,CA,H,b,ch,1261
CAT_CH_13,1,4,CA,H,ub,ch,59
CAT_CH_13,2,4,CA,H,ub,ch,161
CAT_CH_13,3,3,CA,H,ub,ch,248
CAT_CH_13,4,4,CA,H,ub,ch,334
CAT_CH_13,5,5,CA,H,ub,ch,444
CAT_CH_13,6,4,CA,H,ub,ch,587
CAT_CH_13,7,4,CA,H,ub,ch,797
CAT_CH_13,8,5,CA,H,ub,ch,987
CAT_CH_13,9,5,CA,H,ub,ch,1261
CAT_CH_14,1,5,CA,M,ub,ch,59
CAT_CH_14,2,5,CA,M,ub,ch,161
CAT_CH_14,3,5,CA,M,ub,ch,248
CAT_CH_14,4,5,CA,M,ub,ch,334
CAT_CH_14,5,5,CA,M,ub,ch,444
CAT_CH_14,6,5,CA,M,ub,ch,587
CAT_CH_14,7,4,CA,M,ub,ch,797
CAT_CH_14,8,3,CA,M,ub,ch,987
CAT_CH_14,9,4,CA,M,ub,ch,1261
CAT_CH_15,1,10,CA,H,ub,ch,59
CAT_CH_15,2,10,CA,H,ub,ch,161
CAT_CH_15,3,9,CA,H,ub,ch,248
CAT_CH_15,4,10,CA,H,ub,ch,334
CAT_CH_15,5,9,CA,H,ub,ch,444
CAT_CH_15,6,8,CA,H,ub,ch,587
CAT_CH_15,7,9,CA,H,ub,ch,797
CAT_CH_15,8,7,CA,H,ub,ch,987
CAT_CH_15,9,7,CA,H,ub,ch,1261
CAT_CH_16,1,8,CA,H,ub,ch,59
CAT_CH_16,2,9,CA,H,ub,ch,161
CAT_CH_16,3,7,CA,H,ub,ch,248
CAT_CH_16,4,8,CA,H,ub,ch,334
CAT_CH_16,5,7,CA,H,ub,ch,444
CAT_CH_16,6,8,CA,H,ub,ch,587
CAT_CH_16,7,3,CA,H,b,ch,797
CAT_CH_16,8,3,CA,H,b,ch,987
CAT_CH_16,9,2,CA,H,b,ch,1261
CAT_CH_17,1,11,CA,H,ub,ch,59
CAT_CH_17,2,9,CA,H,ub,ch,161
CAT_CH_17,3,10,CA,H,ub,ch,248
CAT_CH_17,4,9,CA,H,ub,ch,334
CAT_CH_17,5,10,CA,H,ub,ch,444
CAT_CH_17,6,7,CA,H,ub,ch,587
CAT_CH_17,7,7,CA,H,ub,ch,797
CAT_CH_17,8,6,CA,H,ub,ch,987
CAT_CH_17,9,7,CA,H,ub,ch,1261
CAT_CH_18,1,5,CA,M,ub,ch,59
CAT_CH_18,2,5,CA,M,ub,ch,161
CAT_CH_18,3,4,CA,M,ub,ch,248
CAT_CH_18,4,4,CA,M,ub,ch,334
CAT_CH_18,5,4,CA,M,ub,ch,444
CAT_CH_18,6,5,CA,M,ub,ch,587
CAT_CH_18,7,4,CA,M,ub,ch,797
CAT_CH_18,8,4,CA,M,ub,ch,987
CAT_CH_18,9,3,CA,M,ub,ch,1261
CAT_CH_19,1,7,CA,M,ub,ch,59
CAT_CH_19,2,7,CA,M,ub,ch,161
CAT_CH_19,3,6,CA,M,ub,ch,248
CAT_CH_19,4,6,CA,M,ub,ch,334
CAT_CH_19,5,6,CA,M,ub,ch,444
CAT_CH_19,6,8,CA,M,ub,ch,587
CAT_CH_19,7,5,CA,M,b,ch,797
CAT_CH_19,8,3,CA,M,b,ch,987
CAT_CH_19,9,3,CA,M,b,ch,1261
CAT_CH_20,1,8,CA,H,ub,ch,59
CAT_CH_20,2,8,CA,H,ub,ch,161
CAT_CH_20,3,9,CA,H,ub,ch,248
CAT_CH_20,4,10,CA,H,ub,ch,334
CAT_CH_20,5,9,CA,H,ub,ch,444
CAT_CH_20,6,9,CA,H,ub,ch,587
CAT_CH_20,7,5,CA,H,b,ch,797
CAT_CH_20,8,4,CA,H,b,ch,987
CAT_CH_20,9,5,CA,H,b,ch,1261
CAT_CH_21,1,9,CA,L,ub,ch,59
CAT_CH_21,2,10,CA,L,ub,ch,161
CAT_CH_21,3,11,CA,L,ub,ch,248
CAT_CH_21,4,11,CA,L,ub,ch,334
CAT_CH_21,5,11,CA,L,ub,ch,444
CAT_CH_21,6,11,CA,L,ub,ch,587
CAT_CH_21,7,6,CA,L,ub,ch,797
CAT_CH_21,8,6,CA,L,ub,ch,987
CAT_CH_21,9,7,CA,L,ub,ch,1261
CAT_CH_22,1,11,CA,L,ub,ch,59
CAT_CH_22,2,9,CA,L,ub,ch,161
CAT_CH_22,3,11,CA,L,ub,ch,248
CAT_CH_22,4,11,CA,L,ub,ch,334
CAT_CH_22,5,9,CA,L,ub,ch,444
CAT_CH_22,6,12,CA,L,ub,ch,587
CAT_CH_22,7,3,CA,L,b,ch,797
CAT_CH_22,8,3,CA,L,b,ch,987
CAT_CH_22,9,3,CA,L,b,ch,1261
CAT_CH_23,1,8,CA,H,ub,ch,59
CAT_CH_23,2,9,CA,H,ub,ch,161
CAT_CH_23,3,9,CA,H,ub,ch,248
CAT_CH_23,4,11,CA,H,ub,ch,334
CAT_CH_23,5,11,CA,H,ub,ch,444
CAT_CH_23,6,12,CA,H,ub,ch,587
CAT_CH_23,7,6,CA,H,ub,ch,797
CAT_CH_23,8,6,CA,H,ub,ch,987
CAT_CH_23,9,7,CA,H,ub,ch,1261
CAT_CH_24,1,11,CA,L,ub,ch,59
CAT_CH_24,2,13,CA,L,ub,ch,161
CAT_CH_24,3,14,CA,L,ub,ch,248
CAT_CH_24,4,14,CA,L,ub,ch,334
CAT_CH_24,5,14,CA,L,ub,ch,444
CAT_CH_24,6,12,CA,L,ub,ch,587
CAT_CH_24,7,8,CA,L,ub,ch,797
CAT_CH_24,8,8,CA,L,ub,ch,987
CAT_CH_24,9,8,CA,L,ub,ch,1261
CAT_CH_25,1,8,CA,M,ub,ch,59
CAT_CH_25,2,8,CA,M,ub,ch,161
CAT_CH_25,3,11,CA,M,ub,ch,248
CAT_CH_25,4,11,CA,M,ub,ch,334
CAT_CH_25,5,12,CA,M,ub,ch,444
CAT_CH_25,6,9,CA,M,ub,ch,587
CAT_CH_25,7,9,CA,M,ub,ch,797
CAT_CH_25,8,9,CA,M,ub,ch,987
CAT_CH_25,9,8,CA,M,ub,ch,1261
CAT_CH_26,1,10,CA,L,ub,ch,59
CAT_CH_26,2,10,CA,L,ub,ch,161
CAT_CH_26,3,12,CA,L,ub,ch,248
CAT_CH_26,4,11,CA,L,ub,ch,334
CAT_CH_26,5,11,CA,L,ub,ch,444
CAT_CH_26,6,10,CA,L,ub,ch,587
CAT_CH_26,7,11,CA,L,ub,ch,797
CAT_CH_26,8,10,CA,L,ub,ch,987
CAT_CH_26,9,9,CA,L,ub,ch,1261
CAT_CH_27,1,12,CA,M,ub,ch,59
CAT_CH_27,2,10,CA,M,ub,ch,161
CAT_CH_27,3,10,CA,M,ub,ch,248
CAT_CH_27,4,9,CA,M,ub,ch,334
CAT_CH_27,5,10,CA,M,ub,ch,444
CAT_CH_27,6,10,CA,M,ub,ch,587
CAT_CH_27,7,9,CA,M,ub,ch,797
CAT_CH_27,8,8,CA,M,ub,ch,987
CAT_CH_27,9,10,CA,M,ub,ch,1261
CAT_CH_28,1,10,CA,M,ub,ch,59
CAT_CH_28,2,10,CA,M,ub,ch,161
CAT_CH_28,3,11,CA,M,ub,ch,248
CAT_CH_28,4,11,CA,M,ub,ch,334
CAT_CH_28,5,9,CA,M,ub,ch,444
CAT_CH_28,6,12,CA,M,ub,ch,587
CAT_CH_28,7,6,CA,M,b,ch,797
CAT_CH_28,8,6,CA,M,b,ch,987
CAT_CH_28,9,6,CA,M,b,ch,1261
CAT_CH_29,1,14,CA,L,ub,ch,59
CAT_CH_29,2,14,CA,L,ub,ch,161
CAT_CH_29,3,12,CA,L,ub,ch,248
CAT_CH_29,4,13,CA,L,ub,ch,334
CAT_CH_29,5,12,CA,L,ub,ch,444
CAT_CH_29,6,12,CA,L,ub,ch,587
CAT_CH_29,7,7,CA,L,b,ch,797
CAT_CH_29,8,6,CA,L,b,ch,987
CAT_CH_29,9,5,CA,L,b,ch,1261
CAT_CH_30,1,9,CA,L,ub,ch,59
CAT_CH_30,2,8,CA,L,ub,ch,161
CAT_CH_30,3,11,CA,L,ub,ch,248
CAT_CH_30,4,11,CA,L,ub,ch,334
CAT_CH_30,5,11,CA,L,ub,ch,444
CAT_CH_30,6,11,CA,L,ub,ch,587
CAT_CH_30,7,3,CA,L,ub,ch,797
CAT_CH_30,8,5,CA,L,ub,ch,987
CAT_CH_30,9,5,CA,L,ub,ch,1261
CAT_CH_31,1,9,CA,M,ub,ch,59
CAT_CH_31,2,8,CA,M,ub,ch,161
CAT_CH_31,3,9,CA,M,ub,ch,248
CAT_CH_31,4,10,CA,M,ub,ch,334
CAT_CH_31,5,10,CA,M,ub,ch,444
CAT_CH_31,6,12,CA,M,ub,ch,587
CAT_CH_31,7,4,CA,M,b,ch,797
CAT_CH_31,8,3,CA,M,b,ch,987
CAT_CH_31,9,3,CA,M,b,ch,1261
CAT_TT_01,1,1,CA,L,ub,tt,59
CAT_TT_01,2,2,CA,L,ub,tt,161
CAT_TT_01,3,2,CA,L,ub,tt,248
CAT_TT_01,4,2,CA,L,ub,tt,334
CAT_TT_01,5,1,CA,L,ub,tt,444
CAT_TT_01,6,2,CA,L,ub,tt,587
CAT_TT_01,7,0,CA,L,ub,tt,797
CAT_TT_01,8,0,CA,L,ub,tt,987
CAT_TT_01,9,0,CA,L,ub,tt,1261
CAT_TT_02,1,4,CA,M,ub,tt,59
CAT_TT_02,2,5,CA,M,ub,tt,161
CAT_TT_02,3,6,CA,M,ub,tt,248
CAT_TT_02,4,4,CA,M,ub,tt,334
CAT_TT_02,5,6,CA,M,ub,tt,444
CAT_TT_02,6,5,CA,M,ub,tt,587
CAT_TT_02,7,3,CA,M,b,tt,797
CAT_TT_02,8,4,CA,M,b,tt,987
CAT_TT_02,9,5,CA,M,b,tt,1261
CAT_TT_03,1,6,CA,H,ub,tt,59
CAT_TT_03,2,6,CA,H,ub,tt,161
CAT_TT_03,3,5,CA,H,ub,tt,248
CAT_TT_03,4,5,CA,H,ub,tt,334
CAT_TT_03,5,5,CA,H,ub,tt,444
CAT_TT_03,6,6,CA,H,ub,tt,587
CAT_TT_03,7,4,CA,H,b,tt,797
CAT_TT_03,8,5,CA,H,b,tt,987
CAT_TT_03,9,5,CA,H,b,tt,1261
CAT_TT_04,1,4,CA,L,ub,tt,59
CAT_TT_04,2,3,CA,L,ub,tt,161
CAT_TT_04,3,6,CA,L,ub,tt,248
CAT_TT_04,4,7,CA,L,ub,tt,334
CAT_TT_04,5,7,CA,L,ub,tt,444
CAT_TT_04,6,5,CA,L,ub,tt,587
CAT_TT_04,7,4,CA,L,ub,tt,797
CAT_TT_04,8,4,CA,L,ub,tt,987
CAT_TT_04,9,4,CA,L,ub,tt,1261
CAT_TT_05,1,3,CA,H,ub,tt,59
CAT_TT_05,2,5,CA,H,ub,tt,161
CAT_TT_05,3,4,CA,H,ub,tt,248
CAT_TT_05,4,6,CA,H,ub,tt,334
CAT_TT_05,5,5,CA,H,ub,tt,444
CAT_TT_05,6,5,CA,H,ub,tt,587
CAT_TT_05,7,5,CA,H,b,tt,797
CAT_TT_05,8,5,CA,H,b,tt,987
CAT_TT_05,9,4,CA,H,b,tt,1261
CAT_TT_06,1,5,CA,H,ub,tt,59
CAT_TT_06,2,5,CA,H,ub,tt,161
CAT_TT_06,3,4,CA,H,ub,tt,248
CAT_TT_06,4,4,CA,H,ub,tt,334
CAT_TT_06,5,4,CA,H,ub,tt,444
CAT_TT_06,6,4,CA,H,ub,tt,587
CAT_TT_06,7,4,CA,H,ub,tt,797
CAT_TT_06,8,4,CA,H,ub,tt,987
CAT_TT_06,9,4,CA,H,ub,tt,1261
CAT_TT_07,1,6,CA,L,ub,tt,59
CAT_TT_07,2,6,CA,L,ub,tt,161
CAT_TT_07,3,6,CA,L,ub,tt,248
CAT_TT_07,4,6,CA,L,ub,tt,334
CAT_TT_07,5,6,CA,L,ub,tt,444
CAT_TT_07,6,5,CA,L,ub,tt,587
CAT_TT_07,7,3,CA,L,ub,tt,797
CAT_TT_07,8,1,CA,L,ub,tt,987
CAT_TT_07,9,1,CA,L,ub,tt,1261
CAT_TT_08,1,2,CA,M,ub,tt,59
CAT_TT_08,2,1,CA,M,ub,tt,161
CAT_TT_08,3,1,CA,M,ub,tt,248
CAT_TT_08,4,1,CA,M,ub,tt,334
CAT_TT_08,5,1,CA,M,ub,tt,444
CAT_TT_08,6,2,CA,M,ub,tt,587
CAT_TT_08,7,4,CA,M,b,tt,797
CAT_TT_08,8,3,CA,M,b,tt,987
CAT_TT_08,9,4,CA,M,b,tt,1261
CAT_TT_09,1,3,CA,H,ub,tt,59
CAT_TT_09,2,4,CA,H,ub,tt,161
CAT_TT_09,3,4,CA,H,ub,tt,248
CAT_TT_09,4,4,CA,H,ub,tt,334
CAT_TT_09,5,6,CA,H,ub,tt,444
CAT_TT_09,6,5,CA,H,ub,tt,587
CAT_TT_09,7,4,CA,H,ub,tt,797
CAT_TT_09,8,4,CA,H,ub,tt,987
CAT_TT_09,9,5,CA,H,ub,tt,1261
CAT_TT_10,1,4,CA,L,ub,tt,59
CAT_TT_10,2,4,CA,L,ub,tt,161
CAT_TT_10,3,4,CA,L,ub,tt,248
CAT_TT_10,4,4,CA,L,ub,tt,334
CAT_TT_10,5,4,CA,L,ub,tt,444
CAT_TT_10,6,4,CA,L,ub,tt,587
CAT_TT_10,7,2,CA,L,b,tt,797
CAT_TT_10,8,1,CA,L,b,tt,987
CAT_TT_10,9,1,CA,L,b,tt,1261
CAT_TT_11,1,6,CA,H,ub,tt,59
CAT_TT_11,2,6,CA,H,ub,tt,161
CAT_TT_11,3,6,CA,H,ub,tt,248
CAT_TT_11,4,6,CA,H,ub,tt,334
CAT_TT_11,5,5,CA,H,ub,tt,444
CAT_TT_11,6,4,CA,H,ub,tt,587
CAT_TT_11,7,4,CA,H,ub,tt,797
CAT_TT_11,8,5,CA,H,ub,tt,987
CAT_TT_11,9,5,CA,H,ub,tt,1261
CAT_TT_12,1,3,CA,H,ub,tt,59
CAT_TT_12,2,3,CA,H,ub,tt,161
CAT_TT_12,3,4,CA,H,ub,tt,248
CAT_TT_12,4,4,CA,H,ub,tt,334
CAT_TT_12,5,5,CA,H,ub,tt,444
CAT_TT_12,6,5,CA,H,ub,tt,587
CAT_TT_12,7,4,CA,H,ub,tt,797
CAT_TT_12,8,4,CA,H,ub,tt,987
CAT_TT_12,9,4,CA,H,ub,tt,1261
CAT_TT_13,1,7,CA,L,ub,tt,59
CAT_TT_13,2,7,CA,L,ub,tt,161
CAT_TT_13,3,8,CA,L,ub,tt,248
CAT_TT_13,4,7,CA,L,ub,tt,334
CAT_TT_13,5,7,CA,L,ub,tt,444
CAT_TT_13,6,7,CA,L,ub,tt,587
CAT_TT_13,7,2,CA,L,b,tt,797
CAT_TT_13,8,2,CA,L,b,tt,987
CAT_TT_13,9,2,CA,L,b,tt,1261
CAT_TT_14,1,4,CA,M,ub,tt,59
CAT_TT_14,2,4,CA,M,ub,tt,161
CAT_TT_14,3,5,CA,M,ub,tt,248
CAT_TT_14,4,4,CA,M,ub,tt,334
CAT_TT_14,5,4,CA,M,ub,tt,444
CAT_TT_14,6,5,CA,M,ub,tt,587
CAT_TT_14,7,5,CA,M,ub,tt,797
CAT_TT_14,8,5,CA,M,ub,tt,987
CAT_TT_14,9,5,CA,M,ub,tt,1261
CAT_TT_15,1,6,CA,L,ub,tt,59
CAT_TT_15,2,6,CA,L,ub,tt,161
CAT_TT_15,3,6,CA,L,ub,tt,248
CAT_TT_15,4,7,CA,L,ub,tt,334
CAT_TT_15,5,7,CA,L,ub,tt,444
CAT_TT_15,6,5,CA,L,ub,tt,587
CAT_TT_15,7,3,CA,L,b,tt,797
CAT_TT_15,8,3,CA,L,b,tt,987
CAT_TT_15,9,1,CA,L,b,tt,1261
CAT_TT_16,1,5,CA,M,ub,tt,59
CAT_TT_16,2,6,CA,M,ub,tt,161
CAT_TT_16,3,6,CA,M,ub,tt,248
CAT_TT_16,4,6,CA,M,ub,tt,334
CAT_TT_16,5,5,CA,M,ub,tt,444
CAT_TT_16,6,5,CA,M,ub,tt,587
CAT_TT_16,7,4,CA,M,b,tt,797
CAT_TT_16,8,4,CA,M,b,tt,987
CAT_TT_16,9,3,CA,M,b,tt,1261
CAT_TT_17,1,6,CA,M,ub,tt,59
CAT_TT_17,2,5,CA,M,ub,tt,161
CAT_TT_17,3,6,CA,M,ub,tt,248
CAT_TT_17,4,6,CA,M,ub,tt,334
CAT_TT_17,5,6,CA,M,ub,tt,444
CAT_TT_17,6,6,CA,M,ub,tt,587
CAT_TT_17,7,4,CA,M,b,tt,797
CAT_TT_17,8,4,CA,M,b,tt,987
CAT_TT_17,9,4,CA,M,b,tt,1261
CAT_TT_18,1,4,CA,M,ub,tt,59
CAT_TT_18,2,5,CA,M,ub,tt,161
CAT_TT_18,3,5,CA,M,ub,tt,248
CAT_TT_18,4,6,CA,M,ub,tt,334
CAT_TT_18,5,5,CA,M,ub,tt,444
CAT_TT_18,6,4,CA,M,ub,tt,587
CAT_TT_18,7,4,CA,M,ub,tt,797
CAT_TT_18,8,4,CA,M,ub,tt,987
CAT_TT_18,9,3,CA,M,ub,tt,1261
CAT_TT_19,1,4,CA,L,ub,tt,59
CAT_TT_19,2,6,CA,L,ub,tt,161
CAT_TT_19,3,5,CA,L,ub,tt,248
CAT_TT_19,4,5,CA,L,ub,tt,334
CAT_TT_19,5,5,CA,L,ub,tt,444
CAT_TT_19,6,5,CA,L,ub,tt,587
CAT_TT_19,7,2,CA,L,b,tt,797
CAT_TT_19,8,1,CA,L,b,tt,987
CAT_TT_19,9,2,CA,L,b,tt,1261
CAT_TT_20,1,4,CA,H,ub,tt,59
CAT_TT_20,2,5,CA,H,ub,tt,161
CAT_TT_20,3,5,CA,H,ub,tt,248
CAT_TT_20,4,5,CA,H,ub,tt,334
CAT_TT_20,5,4,CA,H,ub,tt,444
CAT_TT_20,6,4,CA,H,ub,tt,587
CAT_TT_20,7,3,CA,H,ub,tt,797
CAT_TT_20,8,3,CA,H,ub,tt,987
CAT_TT_20,9,3,CA,H,ub,tt,1261
CAT_TT_21,1,4,CA,L,ub,tt,59
CAT_TT_21,2,4,CA,L,ub,tt,161
CAT_TT_21,3,7,CA,L,ub,tt,248
CAT_TT_21,4,6,CA,L,ub,tt,334
CAT_TT_21,5,5,CA,L,ub,tt,444
CAT_TT_21,6,4,CA,L,ub,tt,587
CAT_TT_21,7,2,CA,L,ub,tt,797
CAT_TT_21,8,2,CA,L,ub,tt,987
CAT_TT_21,9,2,CA,L,ub,tt,1261
CAT_TT_22,1,2,CA,H,ub,tt,59
CAT_TT_22,2,2,CA,H,ub,tt,161
CAT_TT_22,3,3,CA,H,ub,tt,248
CAT_TT_22,4,4,CA,H,ub,tt,334
CAT_TT_22,5,4,CA,H,ub,tt,444
CAT_TT_22,6,4,CA,H,ub,tt,587
CAT_TT_22,7,2,CA,H,ub,tt,797
CAT_TT_22,8,2,CA,H,ub,tt,987
CAT_TT_22,9,2,CA,H,ub,tt,1261
CAT_TT_23,1,5,CA,M,ub,tt,59
CAT_TT_23,2,5,CA,M,ub,tt,161
CAT_TT_23,3,5,CA,M,ub,tt,248
CAT_TT_23,4,4,CA,M,ub,tt,334
CAT_TT_23,5,4,CA,M,ub,tt,444
CAT_TT_23,6,4,CA,M,ub,tt,587
CAT_TT_23,7,3,CA,M,ub,tt,797
CAT_TT_23,8,4,CA,M,ub,tt,987
CAT_TT_23,9,4,CA,M,ub,tt,1261
CAT_TT_24,1,3,CA,L,ub,tt,59
CAT_TT_24,2,3,CA,L,ub,tt,161
CAT_TT_24,3,3,CA,L,ub,tt,248
CAT_TT_24,4,3,CA,L,ub,tt,334
CAT_TT_24,5,3,CA,L,ub,tt,444
CAT_TT_24,6,3,CA,L,ub,tt,587
CAT_TT_24,7,3,CA,L,ub,tt,797
CAT_TT_24,8,3,CA,L,ub,tt,987
CAT_TT_24,9,3,CA,L,ub,tt,1261
CAT_TT_25,1,5,CA,M,ub,tt,59
CAT_TT_25,2,5,CA,M,ub,tt,161
CAT_TT_25,3,5,CA,M,ub,tt,248
CAT_TT_25,4,6,CA,M,ub,tt,334
CAT_TT_25,5,6,CA,M,ub,tt,444
CAT_TT_25,6,5,CA,M,ub,tt,587
CAT_TT_25,7,4,CA,M,ub,tt,797
CAT_TT_25,8,5,CA,M,ub,tt,987
CAT_TT_25,9,4,CA,M,ub,tt,1261
CAT_TT_26,1,2,CA,H,ub,tt,59
CAT_TT_26,2,2,CA,H,ub,tt,161
CAT_TT_26,3,4,CA,H,ub,tt,248
CAT_TT_26,4,4,CA,H,ub,tt,334
CAT_TT_26,5,4,CA,H,ub,tt,444
CAT_TT_26,6,4,CA,H,ub,tt,587
CAT_TT_26,7,2,CA,H,b,tt,797
CAT_TT_26,8,2,CA,H,b,tt,987
CAT_TT_26,9,2,CA,H,b,tt,1261
CAT_TT_27,1,2,CA,M,ub,tt,59
CAT_TT_27,2,2,CA,M,ub,tt,161
CAT_TT_27,3,2,CA,M,ub,tt,248
CAT_TT_27,4,2,CA,M,ub,tt,334
CAT_TT_27,5,2,CA,M,ub,tt,444
CAT_TT_27,6,2,CA,M,ub,tt,587
CAT_TT_27,7,2,CA,M,ub,tt,797
CAT_TT_27,8,2,CA,M,ub,tt,987
CAT_TT_27,9,2,CA,M,ub,tt,1261
CAT_TT_28,1,6,CA,H,ub,tt,59
CAT_TT_28,2,6,CA,H,ub,tt,161
CAT_TT_28,3,7,CA,H,ub,tt,248
CAT_TT_28,4,6,CA,H,ub,tt,334
CAT_TT_28,5,6,CA,H,ub,tt,444
CAT_TT_28,6,6,CA,H,ub,tt,587
CAT_TT_28,7,5,CA,H,b,tt,797
CAT_TT_28,8,4,CA,H,b,tt,987
CAT_TT_28,9,5,CA,H,b,tt,1261
CAT_TT_29,1,4,CA,L,ub,tt,59
CAT_TT_29,2,4,CA,L,ub,tt,161
CAT_TT_29,3,3,CA,L,ub,tt,248
CAT_TT_29,4,3,CA,L,ub,tt,334
CAT_TT_29,5,3,CA,L,ub,tt,444
CAT_TT_29,6,4,CA,L,ub,tt,587
CAT_TT_29,7,3,CA,L,b,tt,797
CAT_TT_29,8,3,CA,L,b,tt,987
CAT_TT_29,9,3,CA,L,b,tt,1261
CAT_TT_30,1,2,CA,M,ub,tt,59
CAT_TT_30,2,3,CA,M,ub,tt,161
CAT_TT_30,3,6,CA,M,ub,tt,248
CAT_TT_30,4,6,CA,M,ub,tt,334
CAT_TT_30,5,6,CA,M,ub,tt,444
CAT_TT_30,6,5,CA,M,ub,tt,587
CAT_TT_30,7,5,CA,M,b,tt,797
CAT_TT_30,8,5,CA,M,b,tt,987
CAT_TT_30,9,6,CA,M,b,tt,1261
CAT_TT_31,1,5,CA,H,ub,tt,59
CAT_TT_31,2,4,CA,H,ub,tt,161
CAT_TT_31,3,4,CA,H,ub,tt,248
CAT_TT_31,4,4,CA,H,ub,tt,334
CAT_TT_31,5,4,CA,H,ub,tt,444
CAT_TT_31,6,4,CA,H,ub,tt,587
CAT_TT_31,7,4,CA,H,b,tt,797
CAT_TT_31,8,4,CA,H,b,tt,987
CAT_TT_31,9,4,CA,H,b,tt,1261
DMP_CH_01,1,6,DM,L,ub,ch,59
DMP_CH_01,2,6,DM,L,ub,ch,161
DMP_CH_01,3,6,DM,L,ub,ch,248
DMP_CH_01,4,7,DM,L,ub,ch,334
DMP_CH_01,5,6,DM,L,ub,ch,444
DMP_CH_01,6,5,DM,L,ub,ch,587
DMP_CH_01,7,4,DM,L,ub,ch,797
DMP_CH_01,8,2,DM,L,ub,ch,987
DMP_CH_01,9,3,DM,L,ub,ch,1261
DMP_CH_02,1,6,DM,H,ub,ch,59
DMP_CH_02,2,7,DM,H,ub,ch,161
DMP_CH_02,3,6,DM,H,ub,ch,248
DMP_CH_02,4,6,DM,H,ub,ch,334
DMP_CH_02,5,7,DM,H,ub,ch,444
DMP_CH_02,6,6,DM,H,ub,ch,587
DMP_CH_02,7,6,DM,H,b,ch,797
DMP_CH_02,8,5,DM,H,b,ch,987
DMP_CH_02,9,6,DM,H,b,ch,1261
DMP_CH_03,1,5,DM,L,ub,ch,59
DMP_CH_03,2,6,DM,L,ub,ch,161
DMP_CH_03,3,7,DM,L,ub,ch,248
DMP_CH_03,4,6,DM,L,ub,ch,334
DMP_CH_03,5,6,DM,L,ub,ch,444
DMP_CH_03,6,6,DM,L,ub,ch,587
DMP_CH_03,7,5,DM,L,b,ch,797
DMP_CH_03,8,4,DM,L,b,ch,987
DMP_CH_03,9,3,DM,L,b,ch,1261
DMP_CH_04,1,6,DM,M,ub,ch,59
DMP_CH_04,2,6,DM,M,ub,ch,161
DMP_CH_04,3,7,DM,M,ub,ch,248
DMP_CH_04,4,6,DM,M,ub,ch,334
DMP_CH_04,5,6,DM,M,ub,ch,444
DMP_CH_04,6,6,DM,M,ub,ch,587
DMP_CH_04,7,4,DM,M,b,ch,797
DMP_CH_04,8,4,DM,M,b,ch,987
DMP_CH_04,9,4,DM,M,b,ch,1261
DMP_CH_05,1,6,DM,H,ub,ch,59
DMP_CH_05,2,6,DM,H,ub,ch,161
DMP_CH_05,3,6,DM,H,ub,ch,248
DMP_CH_05,4,6,DM,H,ub,ch,334
DMP_CH_05,5,7,DM,H,ub,ch,444
DMP_CH_05,6,6,DM,H,ub,ch,587
DMP_CH_05,7,5,DM,H,ub,ch,797
DMP_CH_05,8,4,DM,H,ub,ch,987
DMP_CH_05,9,5,DM,H,ub,ch,1261
DMP_CH_06,1,6,DM,L,ub,ch,59
DMP_CH_06,2,6,DM,L,ub,ch,161
DMP_CH_06,3,5,DM,L,ub,ch,248
DMP_CH_06,4,6,DM,L,ub,ch,334
DMP_CH_06,5,5,DM,L,ub,ch,444
DMP_CH_06,6,5,DM,L,ub,ch,587
DMP_CH_06,7,2,DM,L,b,ch,797
DMP_CH_06,8,2,DM,L,b,ch,987
DMP_CH_06,9,1,DM,L,b,ch,1261
DMP_CH_07,1,7,DM,M,ub,ch,59
DMP_CH_07,2,5,DM,M,ub,ch,161
DMP_CH_07,3,6,DM,M,ub,ch,248
DMP_CH_07,4,6,DM,M,ub,ch,334
DMP_CH_07,5,6,DM,M,ub,ch,444
DMP_CH_07,6,6,DM,M,ub,ch,587
DMP_CH_07,7,6,DM,M,ub,ch,797
DMP_CH_07,8,5,DM,M,ub,ch,987
DMP_CH_07,9,5,DM,M,ub,ch,1261
DMP_CH_08,1,4,DM,H,ub,ch,59
DMP_CH_08,2,4,DM,H,ub,ch,161
DMP_CH_08,3,3,DM,H,ub,ch,248
DMP_CH_08,4,3,DM,H,ub,ch,334
DMP_CH_08,5,3,DM,H,ub,ch,444
DMP_CH_08,6,4,DM,H,ub,ch,587
DMP_CH_08,7,3,DM,H,b,ch,797
DMP_CH_08,8,2,DM,H,b,ch,987
DMP_CH_08,9,2,DM,H,b,ch,1261
DMP_CH_09,1,5,DM,M,ub,ch,59
DMP_CH_09,2,6,DM,M,ub,ch,161
DMP_CH_09,3,7,DM,M,ub,ch,248
DMP_CH_09,4,7,DM,M,ub,ch,334
DMP_CH_09,5,7,DM,M,ub,ch,444
DMP_CH_09,6,7,DM,M,ub,ch,587
DMP_CH_09,7,6,DM,M,b,ch,797
DMP_CH_09,8,6,DM,M,b,ch,987
DMP_CH_09,9,4,DM,M,b,ch,1261
DMP_CH_10,1,3,DM,L,ub,ch,59
DMP_CH_10,2,3,DM,L,ub,ch,161
DMP_CH_10,3,2,DM,L,ub,ch,248
DMP_CH_10,4,3,DM,L,ub,ch,334
DMP_CH_10,5,2,DM,L,ub,ch,444
DMP_CH_10,6,2,DM,L,ub,ch,587
DMP_CH_10,7,1,DM,L,ub,ch,797
DMP_CH_10,8,1,DM,L,ub,ch,987
DMP_CH_10,9,1,DM,L,ub,ch,1261
DMP_CH_11,1,3,DM,M,ub,ch,59
DMP_CH_11,2,3,DM,M,ub,ch,161
DMP_CH_11,3,3,DM,M,ub,ch,248
DMP_CH_11,4,3,DM,M,ub,ch,334
DMP_CH_11,5,4,DM,M,ub,ch,444
DMP_CH_11,6,4,DM,M,ub,ch,587
DMP_CH_11,7,3,DM,M,ub,ch,797
DMP_CH_11,8,3,DM,M,ub,ch,987
DMP_CH_11,9,3,DM,M,ub,ch,1261
DMP_CH_12,1,3,DM,M,ub,ch,59
DMP_CH_12,2,3,DM,M,ub,ch,161
DMP_CH_12,3,3,DM,M,ub,ch,248
DMP_CH_12,4,3,DM,M,ub,ch,334
DMP_CH_12,5,3,DM,M,ub,ch,444
DMP_CH_12,6,3,DM,M,ub,ch,587
DMP_CH_12,7,3,DM,M,ub,ch,797
DMP_CH_12,8,3,DM,M,ub,ch,987
DMP_CH_12,9,2,DM,M,ub,ch,1261
DMP_CH_13,1,3,DM,M,ub,ch,59
DMP_CH_13,2,4,DM,M,ub,ch,161
DMP_CH_13,3,4,DM,M,ub,ch,248
DMP_CH_13,4,4,DM,M,ub,ch,334
DMP_CH_13,5,4,DM,M,ub,ch,444
DMP_CH_13,6,4,DM,M,ub,ch,587
DMP_CH_13,7,3,DM,M,b,ch,797
DMP_CH_13,8,3,DM,M,b,ch,987
DMP_CH_13,9,2,DM,M,b,ch,1261
DMP_CH_14,1,6,DM,L,ub,ch,59
DMP_CH_14,2,6,DM,L,ub,ch,161
DMP_CH_14,3,4,DM,L,ub,ch,248
DMP_CH_14,4,4,DM,L,ub,ch,334
DMP_CH_14,5,4,DM,L,ub,ch,444
DMP_CH_14,6,5,DM,L,ub,ch,587
DMP_CH_14,7,1,DM,L,b,ch,797
DMP_CH_14,8,1,DM,L,b,ch,987
DMP_CH_14,9,1,DM,L,b,ch,1261
DMP_CH_15,1,8,DM,H,ub,ch,59
DMP_CH_15,2,7,DM,H,ub,ch,161
DMP_CH_15,3,8,DM,H,ub,ch,248
DMP_CH_15,4,7,DM,H,ub,ch,334
DMP_CH_15,5,7,DM,H,ub,ch,444
DMP_CH_15,6,7,DM,H,ub,ch,587
DMP_CH_15,7,5,DM,H,ub,ch,797
DMP_CH_15,8,5,DM,H,ub,ch,987
DMP_CH_15,9,5,DM,H,ub,ch,1261
DMP_CH_16,1,4,DM,L,ub,ch,59
DMP_CH_16,2,4,DM,L,ub,ch,161
DMP_CH_16,3,5,DM,L,ub,ch,248
DMP_CH_16,4,5,DM,L,ub,ch,334
DMP_CH_16,5,4,DM,L,ub,ch,444
DMP_CH_16,6,4,DM,L,ub,ch,587
DMP_CH_16,7,3,DM,L,b,ch,797
DMP_CH_16,8,3,DM,L,b,ch,987
DMP_CH_16,9,3,DM,L,b,ch,1261
DMP_CH_17,1,5,DM,L,ub,ch,59
DMP_CH_17,2,5,DM,L,ub,ch,161
DMP_CH_17,3,5,DM,L,ub,ch,248
DMP_CH_17,4,5,DM,L,ub,ch,334
DMP_CH_17,5,5,DM,L,ub,ch,444
DMP_CH_17,6,4,DM,L,ub,ch,587
DMP_CH_17,7,4,DM,L,ub,ch,797
DMP_CH_17,8,4,DM,L,ub,ch,987
DMP_CH_17,9,4,DM,L,ub,ch,1261
DMP_CH_18,1,4,DM,L,ub,ch,59
DMP_CH_18,2,4,DM,L,ub,ch,161
DMP_CH_18,3,4,DM,L,ub,ch,248
DMP_CH_18,4,3,DM,L,ub,ch,334
DMP_CH_18,5,3,DM,L,ub,ch,444
DMP_CH_18,6,3,DM,L,ub,ch,587
DMP_CH_18,7,1,DM,L,ub,ch,797
DMP_CH_18,8,1,DM,L,ub,ch,987
DMP_CH_18,9,2,DM,L,ub,ch,1261
DMP_CH_19,1,3,DM,H,ub,ch,59
DMP_CH_19,2,3,DM,H,ub,ch,161
DMP_CH_19,3,4,DM,H,ub,ch,248
DMP_CH_19,4,4,DM,H,ub,ch,334
DMP_CH_19,5,4,DM,H,ub,ch,444
DMP_CH_19,6,3,DM,H,ub,ch,587
DMP_CH_19,7,3,DM,H,b,ch,797
DMP_CH_19,8,3,DM,H,b,ch,987
DMP_CH_19,9,3,DM,H,b,ch,1261
DMP_CH_20,1,4,DM,H,ub,ch,59
DMP_CH_20,2,3,DM,H,ub,ch,161
DMP_CH_20,3,3,DM,H,ub,ch,248
DMP_CH_20,4,3,DM,H,ub,ch,334
DMP_CH_20,5,2,DM,H,ub,ch,444
DMP_CH_20,6,2,DM,H,ub,ch,587
DMP_CH_20,7,4,DM,H,ub,ch,797
DMP_CH_20,8,4,DM,H,ub,ch,987
DMP_CH_20,9,3,DM,H,ub,ch,1261
DMP_CH_21,1,3,DM,L,ub,ch,59
DMP_CH_21,2,3,DM,L,ub,ch,161
DMP_CH_21,3,3,DM,L,ub,ch,248
DMP_CH_21,4,3,DM,L,ub,ch,334
DMP_CH_21,5,3,DM,L,ub,ch,444
DMP_CH_21,6,3,DM,L,ub,ch,587
DMP_CH_21,7,1,DM,L,b,ch,797
DMP_CH_21,8,1,DM,L,b,ch,987
DMP_CH_21,9,1,DM,L,b,ch,1261
DMP_CH_22,1,4,DM,H,ub,ch,59
DMP_CH_22,2,5,DM,H,ub,ch,161
DMP_CH_22,3,6,DM,H,ub,ch,248
DMP_CH_22,4,5,DM,H,ub,ch,334
DMP_CH_22,5,4,DM,H,ub,ch,444
DMP_CH_22,6,3,DM,H,ub,ch,587
DMP_CH_22,7,6,DM,H,ub,ch,797
DMP_CH_22,8,6,DM,H,ub,ch,987
DMP_CH_22,9,6,DM,H,ub,ch,1261
DMP_CH_23,1,7,DM,H,ub,ch,59
DMP_CH_23,2,6,DM,H,ub,ch,161
DMP_CH_23,3,6,DM,H,ub,ch,248
DMP_CH_23,4,7,DM,H,ub,ch,334
DMP_CH_23,5,7,DM,H,ub,ch,444
DMP_CH_23,6,6,DM,H,ub,ch,587
DMP_CH_23,7,3,DM,H,ub,ch,797
DMP_CH_23,8,5,DM,H,ub,ch,987
DMP_CH_23,9,5,DM,H,ub,ch,1261
DMP_CH_24,1,6,DM,M,ub,ch,59
DMP_CH_24,2,6,DM,M,ub,ch,161
DMP_CH_24,3,5,DM,M,ub,ch,248
DMP_CH_24,4,6,DM,M,ub,ch,334
DMP_CH_24,5,6,DM,M,ub,ch,444
DMP_CH_24,6,6,DM,M,ub,ch,587
DMP_CH_24,7,6,DM,M,b,ch,797
DMP_CH_24,8,4,DM,M,b,ch,987
DMP_CH_24,9,4,DM,M,b,ch,1261
DMP_CH_25,1,6,DM,L,ub,ch,59
DMP_CH_25,2,6,DM,L,ub,ch,161
DMP_CH_25,3,7,DM,L,ub,ch,248
DMP_CH_25,4,6,DM,L,ub,ch,334
DMP_CH_25,5,6,DM,L,ub,ch,444
DMP_CH_25,6,5,DM,L,ub,ch,587
DMP_CH_25,7,5,DM,L,ub,ch,797
DMP_CH_25,8,4,DM,L,ub,ch,987
DMP_CH_25,9,4,DM,L,ub,ch,1261
DMP_CH_26,1,4,DM,H,ub,ch,59
DMP_CH_26,2,5,DM,H,ub,ch,161
DMP_CH_26,3,6,DM,H,ub,ch,248
DMP_CH_26,4,6,DM,H,ub,ch,334
DMP_CH_26,5,5,DM,H,ub,ch,444
DMP_CH_26,6,5,DM,H,ub,ch,587
DMP_CH_26,7,1,DM,H,b,ch,797
DMP_CH_26,8,1,DM,H,b,ch,987
DMP_CH_26,9,0,DM,H,b,ch,1261
DMP_CH_27,1,5,DM,M,ub,ch,59
DMP_CH_27,2,6,DM,M,ub,ch,161
DMP_CH_27,3,6,DM,M,ub,ch,248
DMP_CH_27,4,6,DM,M,ub,ch,334
DMP_CH_27,5,5,DM,M,ub,ch,444
DMP_CH_27,6,6,DM,M,ub,ch,587
DMP_CH_27,7,6,DM,M,b,ch,797
DMP_CH_27,8,6,DM,M,b,ch,987
DMP_CH_27,9,5,DM,M,b,ch,1261
DMP_CH_28,1,5,DM,H,ub,ch,59
DMP_CH_28,2,4,DM,H,ub,ch,161
DMP_CH_28,3,4,DM,H,ub,ch,248
DMP_CH_28,4,5,DM,H,ub,ch,334
DMP_CH_28,5,4,DM,H,ub,ch,444
DMP_CH_28,6,5,DM,H,ub,ch,587
DMP_CH_28,7,4,DM,H,b,ch,797
DMP_CH_28,8,4,DM,H,b,ch,987
DMP_CH_28,9,4,DM,H,b,ch,1261
DMP_CH_29,1,5,DM,M,ub,ch,59
DMP_CH_29,2,5,DM,M,ub,ch,161
DMP_CH_29,3,6,DM,M,ub,ch,248
DMP_CH_29,4,6,DM,M,ub,ch,334
DMP_CH_29,5,5,DM,M,ub,ch,444
DMP_CH_29,6,4,DM,M,ub,ch,587
DMP_CH_29,7,5,DM,M,ub,ch,797
DMP_CH_29,8,5,DM,M,ub,ch,987
DMP_CH_29,9,5,DM,M,ub,ch,1261
DMP_CH_30,1,5,DM,M,ub,ch,59
DMP_CH_30,2,5,DM,M,ub,ch,161
DMP_CH_30,3,5,DM,M,ub,ch,248
DMP_CH_30,4,5,DM,M,ub,ch,334
DMP_CH_30,5,4,DM,M,ub,ch,444
DMP_CH_30,6,5,DM,M,ub,ch,587
DMP_CH_30,7,4,DM,M,ub,ch,797
DMP_CH_30,8,5,DM,M,ub,ch,987
DMP_CH_30,9,3,DM,M,ub,ch,1261
DMP_CH_31,1,4,DM,L,ub,ch,59
DMP_CH_31,2,4,DM,L,ub,ch,161
DMP_CH_31,3,4,DM,L,ub,ch,248
DMP_CH_31,4,4,DM,L,ub,ch,334
DMP_CH_31,5,4,DM,L,ub,ch,444
DMP_CH_31,6,4,DM,L,ub,ch,587
DMP_CH_31,7,1,DM,L,b,ch,797
DMP_CH_31,8,1,DM,L,b,ch,987
DMP_CH_31,9,1,DM,L,b,ch,1261
DMP_TT_01,1,5,DM,H,ub,tt,59
DMP_TT_01,2,5,DM,H,ub,tt,161
DMP_TT_01,3,5,DM,H,ub,tt,248
DMP_TT_01,4,8,DM,H,ub,tt,334
DMP_TT_01,5,8,DM,H,ub,tt,444
DMP_TT_01,6,7,DM,H,ub,tt,587
DMP_TT_01,7,5,DM,H,b,tt,797
DMP_TT_01,8,6,DM,H,b,tt,987
DMP_TT_01,9,5,DM,H,b,tt,1261
DMP_TT_02,1,2,DM,M,ub,tt,59
DMP_TT_02,2,3,DM,M,ub,tt,161
DMP_TT_02,3,4,DM,M,ub,tt,248
DMP_TT_02,4,4,DM,M,ub,tt,334
DMP_TT_02,5,4,DM,M,ub,tt,444
DMP_TT_02,6,5,DM,M,ub,tt,587
DMP_TT_02,7,2,DM,M,b,tt,797
DMP_TT_02,8,2,DM,M,b,tt,987
DMP_TT_02,9,2,DM,M,b,tt,1261
DMP_TT_03,1,3,DM,M,ub,tt,59
DMP_TT_03,2,3,DM,M,ub,tt,161
DMP_TT_03,3,3,DM,M,ub,tt,248
DMP_TT_03,4,3,DM,M,ub,tt,334
DMP_TT_03,5,3,DM,M,ub,tt,444
DMP_TT_03,6,3,DM,M,ub,tt,587
DMP_TT_03,7,3,DM,M,ub,tt,797
DMP_TT_03,8,3,DM,M,ub,tt,987
DMP_TT_03,9,3,DM,M,ub,tt,1261
DMP_TT_04,1,5,DM,H,ub,tt,59
DMP_TT_04,2,5,DM,H,ub,tt,161
DMP_TT_04,3,4,DM,H,ub,tt,248
DMP_TT_04,4,4,DM,H,ub,tt,334
DMP_TT_04,5,4,DM,H,ub,tt,444
DMP_TT_04,6,4,DM,H,ub,tt,587
DMP_TT_04,7,3,DM,H,ub,tt,797
DMP_TT_04,8,3,DM,H,ub,tt,987
DMP_TT_04,9,3,DM,H,ub,tt,1261
DMP_TT_05,1,3,DM,L,ub,tt,59
DMP_TT_05,2,3,DM,L,ub,tt,161
DMP_TT_05,3,3,DM,L,ub,tt,248
DMP_TT_05,4,3,DM,L,ub,tt,334
DMP_TT_05,5,3,DM,L,ub,tt,444
DMP_TT_05,6,3,DM,L,ub,tt,587
DMP_TT_05,7,2,DM,L,ub,tt,797
DMP_TT_05,8,2,DM,L,ub,tt,987
DMP_TT_05,9,2,DM,L,ub,tt,1261
DMP_TT_06,1,2,DM,L,ub,tt,59
DMP_TT_06,2,2,DM,L,ub,tt,161
DMP_TT_06,3,2,DM,L,ub,tt,248
DMP_TT_06,4,2,DM,L,ub,tt,334
DMP_TT_06,5,2,DM,L,ub,tt,444
DMP_TT_06,6,3,DM,L,ub,tt,587
DMP_TT_06,7,1,DM,L,b,tt,797
DMP_TT_06,8,1,DM,L,b,tt,987
DMP_TT_06,9,1,DM,L,b,tt,1261
DMP_TT_07,1,4,DM,L,ub,tt,59
DMP_TT_07,2,4,DM,L,ub,tt,161
DMP_TT_07,3,4,DM,L,ub,tt,248
DMP_TT_07,4,4,DM,L,ub,tt,334
DMP_TT_07,5,4,DM,L,ub,tt,444
DMP_TT_07,6,4,DM,L,ub,tt,587
DMP_TT_07,7,2,DM,L,ub,tt,797
DMP_TT_07,8,1,DM,L,ub,tt,987
DMP_TT_07,9,1,DM,L,ub,tt,1261
DMP_TT_08,1,2,DM,L,ub,tt,59
DMP_TT_08,2,2,DM,L,ub,tt,161
DMP_TT_08,3,3,DM,L,ub,tt,248
DMP_TT_08,4,3,DM,L,ub,tt,334
DMP_TT_08,5,4,DM,L,ub,tt,444
DMP_TT_08,6,4,DM,L,ub,tt,587
DMP_TT_08,7,3,DM,L,ub,tt,797
DMP_TT_08,8,3,DM,L,ub,tt,987
DMP_TT_08,9,2,DM,L,ub,tt,1261
DMP_TT_09,1,3,DM,H,ub,tt,59
DMP_TT_09,2,5,DM,H,ub,tt,161
DMP_TT_09,3,4,DM,H,ub,tt,248
DMP_TT_09,4,5,DM,H,ub,tt,334
DMP_TT_09,5,5,DM,H,ub,tt,444
DMP_TT_09,6,4,DM,H,ub,tt,587
DMP_TT_09,7,6,DM,H,b,tt,797
DMP_TT_09,8,8,DM,H,b,tt,987
DMP_TT_09,9,7,DM,H,b,tt,1261
DMP_TT_10,1,1,DM,H,ub,tt,59
DMP_TT_10,2,3,DM,H,ub,tt,161
DMP_TT_10,3,5,DM,H,ub,tt,248
DMP_TT_10,4,5,DM,H,ub,tt,334
DMP_TT_10,5,4,DM,H,ub,tt,444
DMP_TT_10,6,5,DM,H,ub,tt,587
DMP_TT_10,7,3,DM,H,b,tt,797
DMP_TT_10,8,4,DM,H,b,tt,987
DMP_TT_10,9,7,DM,H,b,tt,1261
DMP_TT_11,1,3,DM,H,ub,tt,59
DMP_TT_11,2,3,DM,H,ub,tt,161
DMP_TT_11,3,3,DM,H,ub,tt,248
DMP_TT_11,4,3,DM,H,ub,tt,334
DMP_TT_11,5,4,DM,H,ub,tt,444
DMP_TT_11,6,4,DM,H,ub,tt,587
DMP_TT_11,7,3,DM,H,ub,tt,797
DMP_TT_11,8,3,DM,H,ub,tt,987
DMP_TT_11,9,3,DM,H,ub,tt,1261
DMP_TT_12,1,4,DM,H,ub,tt,59
DMP_TT_12,2,4,DM,H,ub,tt,161
DMP_TT_12,3,4,DM,H,ub,tt,248
DMP_TT_12,4,3,DM,H,ub,tt,334
DMP_TT_12,5,4,DM,H,ub,tt,444
DMP_TT_12,6,3,DM,H,ub,tt,587
DMP_TT_12,7,4,DM,H,b,tt,797
DMP_TT_12,8,5,DM,H,b,tt,987
DMP_TT_12,9,6,DM,H,b,tt,1261
DMP_TT_13,1,3,DM,L,ub,tt,59
DMP_TT_13,2,3,DM,L,ub,tt,161
DMP_TT_13,3,3,DM,L,ub,tt,248
DMP_TT_13,4,3,DM,L,ub,tt,334
DMP_TT_13,5,3,DM,L,ub,tt,444
DMP_TT_13,6,3,DM,L,ub,tt,587
DMP_TT_13,7,2,DM,L,b,tt,797
DMP_TT_13,8,0,DM,L,b,tt,987
DMP_TT_13,9,0,DM,L,b,tt,1261
DMP_TT_14,1,4,DM,M,ub,tt,59
DMP_TT_14,2,4,DM,M,ub,tt,161
DMP_TT_14,3,4,DM,M,ub,tt,248
DMP_TT_14,4,4,DM,M,ub,tt,334
DMP_TT_14,5,4,DM,M,ub,tt,444
DMP_TT_14,6,4,DM,M,ub,tt,587
DMP_TT_14,7,4,DM,M,b,tt,797
DMP_TT_14,8,3,DM,M,b,tt,987
DMP_TT_14,9,3,DM,M,b,tt,1261
DMP_TT_15,1,5,DM,M,ub,tt,59
DMP_TT_15,2,5,DM,M,ub,tt,161
DMP_TT_15,3,5,DM,M,ub,tt,248
DMP_TT_15,4,5,DM,M,ub,tt,334
DMP_TT_15,5,5,DM,M,ub,tt,444
DMP_TT_15,6,4,DM,M,ub,tt,587
DMP_TT_15,7,5,DM,M,b,tt,797
DMP_TT_15,8,4,DM,M,b,tt,987
DMP_TT_15,9,4,DM,M,b,tt,1261
DMP_TT_16,1,4,DM,M,ub,tt,59
DMP_TT_16,2,4,DM,M,ub,tt,161
DMP_TT_16,3,4,DM,M,ub,tt,248
DMP_TT_16,4,3,DM,M,ub,tt,334
DMP_TT_16,5,4,DM,M,ub,tt,444
DMP_TT_16,6,4,DM,M,ub,tt,587
DMP_TT_16,7,5,DM,M,b,tt,797
DMP_TT_16,8,4,DM,M,b,tt,987
DMP_TT_16,9,3,DM,M,b,tt,1261
DMP_TT_17,1,3,DM,L,ub,tt,59
DMP_TT_17,2,3,DM,L,ub,tt,161
DMP_TT_17,3,3,DM,L,ub,tt,248
DMP_TT_17,4,3,DM,L,ub,tt,334
DMP_TT_17,5,3,DM,L,ub,tt,444
DMP_TT_17,6,3,DM,L,ub,tt,587
DMP_TT_17,7,2,DM,L,ub,tt,797
DMP_TT_17,8,1,DM,L,ub,tt,987
DMP_TT_17,9,1,DM,L,ub,tt,1261
DMP_TT_18,1,7,DM,M,ub,tt,59
DMP_TT_18,2,7,DM,M,ub,tt,161
DMP_TT_18,3,6,DM,M,ub,tt,248
DMP_TT_18,4,7,DM,M,ub,tt,334
DMP_TT_18,5,7,DM,M,ub,tt,444
DMP_TT_18,6,6,DM,M,ub,tt,587
DMP_TT_18,7,6,DM,M,ub,tt,797
DMP_TT_18,8,6,DM,M,ub,tt,987
DMP_TT_18,9,5,DM,M,ub,tt,1261
DMP_TT_19,1,4,DM,M,ub,tt,59
DMP_TT_19,2,4,DM,M,ub,tt,161
DMP_TT_19,3,4,DM,M,ub,tt,248
DMP_TT_19,4,4,DM,M,ub,tt,334
DMP_TT_19,5,3,DM,M,ub,tt,444
DMP_TT_19,6,3,DM,M,ub,tt,587
DMP_TT_19,7,2,DM,M,ub,tt,797
DMP_TT_19,8,1,DM,M,ub,tt,987
DMP_TT_19,9,1,DM,M,ub,tt,1261
DMP_TT_20,1,3,DM,M,ub,tt,59
DMP_TT_20,2,3,DM,M,ub,tt,161
DMP_TT_20,3,3,DM,M,ub,tt,248
DMP_TT_20,4,3,DM,M,ub,tt,334
DMP_TT_20,5,2,DM,M,ub,tt,444
DMP_TT_20,6,2,DM,M,ub,tt,587
DMP_TT_20,7,2,DM,M,ub,tt,797
DMP_TT_20,8,2,DM,M,ub,tt,987
DMP_TT_20,9,2,DM,M,ub,tt,1261
DMP_TT_21,1,6,DM,H,ub,tt,59
DMP_TT_21,2,6,DM,H,ub,tt,161
DMP_TT_21,3,8,DM,H,ub,tt,248
DMP_TT_21,4,7,DM,H,ub,tt,334
DMP_TT_21,5,6,DM,H,ub,tt,444
DMP_TT_21,6,6,DM,H,ub,tt,587
DMP_TT_21,7,6,DM,H,ub,tt,797
DMP_TT_21,8,6,DM,H,ub,tt,987
DMP_TT_21,9,6,DM,H,ub,tt,1261
DMP_TT_22,1,3,DM,L,ub,tt,59
DMP_TT_22,2,3,DM,L,ub,tt,161
DMP_TT_22,3,3,DM,L,ub,tt,248
DMP_TT_22,4,2,DM,L,ub,tt,334
DMP_TT_22,5,2,DM,L,ub,tt,444
DMP_TT_22,6,2,DM,L,ub,tt,587
DMP_TT_22,7,1,DM,L,b,tt,797
DMP_TT_22,8,1,DM,L,b,tt,987
DMP_TT_22,9,1,DM,L,b,tt,1261
DMP_TT_23,1,5,DM,L,ub,tt,59
DMP_TT_23,2,5,DM,L,ub,tt,161
DMP_TT_23,3,4,DM,L,ub,tt,248
DMP_TT_23,4,5,DM,L,ub,tt,334
DMP_TT_23,5,4,DM,L,ub,tt,444
DMP_TT_23,6,4,DM,L,ub,tt,587
DMP_TT_23,7,0,DM,L,b,tt,797
DMP_TT_23,8,0,DM,L,b,tt,987
DMP_TT_23,9,0,DM,L,b,tt,1261
DMP_TT_24,1,3,DM,H,ub,tt,59
DMP_TT_24,2,3,DM,H,ub,tt,161
DMP_TT_24,3,4,DM,H,ub,tt,248
DMP_TT_24,4,4,DM,H,ub,tt,334
DMP_TT_24,5,4,DM,H,ub,tt,444
DMP_TT_24,6,3,DM,H,ub,tt,587
DMP_TT_24,7,3,DM,H,ub,tt,797
DMP_TT_24,8,3,DM,H,ub,tt,987
DMP_TT_24,9,2,DM,H,ub,tt,1261
DMP_TT_25,1,4,DM,H,ub,tt,59
DMP_TT_25,2,4,DM,H,ub,tt,161
DMP_TT_25,3,4,DM,H,ub,tt,248
DMP_TT_25,4,4,DM,H,ub,tt,334
DMP_TT_25,5,4,DM,H,ub,tt,444
DMP_TT_25,6,4,DM,H,ub,tt,587
DMP_TT_25,7,4,DM,H,ub,tt,797
DMP_TT_25,8,4,DM,H,ub,tt,987
DMP_TT_25,9,4,DM,H,ub,tt,1261
DMP_TT_26,1,3,DM,M,ub,tt,59
DMP_TT_26,2,3,DM,M,ub,tt,161
DMP_TT_26,3,3,DM,M,ub,tt,248
DMP_TT_26,4,3,DM,M,ub,tt,334
DMP_TT_26,5,3,DM,M,ub,tt,444
DMP_TT_26,6,3,DM,M,ub,tt,587
DMP_TT_26,7,3,DM,M,ub,tt,797
DMP_TT_26,8,3,DM,M,ub,tt,987
DMP_TT_26,9,3,DM,M,ub,tt,1261
DMP_TT_27,1,4,DM,H,ub,tt,59
DMP_TT_27,2,4,DM,H,ub,tt,161
DMP_TT_27,3,4,DM,H,ub,tt,248
DMP_TT_27,4,3,DM,H,ub,tt,334
DMP_TT_27,5,3,DM,H,ub,tt,444
DMP_TT_27,6,3,DM,H,ub,tt,587
DMP_TT_27,7,2,DM,H,ub,tt,797
DMP_TT_27,8,2,DM,H,ub,tt,987
DMP_TT_27,9,2,DM,H,ub,tt,1261
DMP_TT_28,1,3,DM,M,ub,tt,59
DMP_TT_28,2,3,DM,M,ub,tt,161
DMP_TT_28,3,3,DM,M,ub,tt,248
DMP_TT_28,4,3,DM,M,ub,tt,334
DMP_TT_28,5,3,DM,M,ub,tt,444
DMP_TT_28,6,3,DM,M,ub,tt,587
DMP_TT_28,7,1,DM,M,b,tt,797
DMP_TT_28,8,1,DM,M,b,tt,987
DMP_TT_28,9,1,DM,M,b,tt,1261
DMP_TT_29,1,5,DM,L,ub,tt,59
DMP_TT_29,2,5,DM,L,ub,tt,161
DMP_TT_29,3,5,DM,L,ub,tt,248
DMP_TT_29,4,5,DM,L,ub,tt,334
DMP_TT_29,5,4,DM,L,ub,tt,444
DMP_TT_29,6,4,DM,L,ub,tt,587
DMP_TT_29,7,1,DM,L,b,tt,797
DMP_TT_29,8,0,DM,L,b,tt,987
DMP_TT_29,9,0,DM,L,b,tt,1261
DMP_TT_30,1,3,DM,L,ub,tt,59
DMP_TT_30,2,3,DM,L,ub,tt,161
DMP_TT_30,3,3,DM,L,ub,tt,248
DMP_TT_30,4,3,DM,L,ub,tt,334
DMP_TT_30,5,3,DM,L,ub,tt,444
DMP_TT_30,6,3,DM,L,ub,tt,587
DMP_TT_30,7,2,DM,L,ub,tt,797
DMP_TT_30,8,2,DM,L,ub,tt,987
DMP_TT_30,9,2,DM,L,ub,tt,1261
DMP_TT_31,1,5,DM,H,ub,tt,59
DMP_TT_31,2,5,DM,H,ub,tt,161
DMP_TT_31,3,5,DM,H,ub,tt,248
DMP_TT_31,4,5,DM,H,ub,tt,334
DMP_TT_31,5,5,DM,H,ub,tt,444
DMP_TT_31,6,5,DM,H,ub,tt,587
DMP_TT_31,7,5,DM,H,b,tt,797
DMP_TT_31,8,6,DM,H,b,tt,987
DMP_TT_31,9,4,DM,H,b,tt,1261
KT_CH_01,1,7,KT,L,ub,ch,59
KT_CH_01,2,8,KT,L,ub,ch,161
KT_CH_01,3,6,KT,L,ub,ch,248
KT_CH_01,4,6,KT,L,ub,ch,334
KT_CH_01,5,4,KT,L,ub,ch,444
KT_CH_01,6,2,KT,L,ub,ch,587
KT_CH_01,7,0,KT,L,ub,ch,797
KT_CH_01,8,0,KT,L,ub,ch,987
KT_CH_01,9,0,KT,L,ub,ch,1261
KT_CH_02,1,6,KT,M,ub,ch,59
KT_CH_02,2,7,KT,M,ub,ch,161
KT_CH_02,3,7,KT,M,ub,ch,248
KT_CH_02,4,7,KT,M,ub,ch,334
KT_CH_02,5,7,KT,M,ub,ch,444
KT_CH_02,6,8,KT,M,ub,ch,587
KT_CH_02,7,7,KT,M,ub,ch,797
KT_CH_02,8,7,KT,M,ub,ch,987
KT_CH_02,9,7,KT,M,ub,ch,1261
KT_CH_03,1,3,KT,H,ub,ch,59
KT_CH_03,2,4,KT,H,ub,ch,161
KT_CH_03,3,4,KT,H,ub,ch,248
KT_CH_03,4,4,KT,H,ub,ch,334
KT_CH_03,5,4,KT,H,ub,ch,444
KT_CH_03,6,6,KT,H,ub,ch,587
KT_CH_03,7,4,KT,H,b,ch,797
KT_CH_03,8,5,KT,H,b,ch,987
KT_CH_03,9,5,KT,H,b,ch,1261
KT_CH_04,1,6,KT,L,ub,ch,59
KT_CH_04,2,6,KT,L,ub,ch,161
KT_CH_04,3,6,KT,L,ub,ch,248
KT_CH_04,4,4,KT,L,ub,ch,334
KT_CH_04,5,4,KT,L,ub,ch,444
KT_CH_04,6,4,KT,L,ub,ch,587
KT_CH_04,7,0,KT,L,b,ch,797
KT_CH_04,8,0,KT,L,b,ch,987
KT_CH_04,9,0,KT,L,b,ch,1261
KT_CH_05,1,7,KT,H,ub,ch,59
KT_CH_05,2,8,KT,H,ub,ch,161
KT_CH_05,3,7,KT,H,ub,ch,248
KT_CH_05,4,7,KT,H,ub,ch,334
KT_CH_05,5,6,KT,H,ub,ch,444
KT_CH_05,6,7,KT,H,ub,ch,587
KT_CH_05,7,6,KT,H,ub,ch,797
KT_CH_05,8,5,KT,H,ub,ch,987
KT_CH_05,9,7,KT,H,ub,ch,1261
KT_CH_06,1,6,KT,H,ub,ch,59
KT_CH_06,2,7,KT,H,ub,ch,161
KT_CH_06,3,6,KT,H,ub,ch,248
KT_CH_06,4,7,KT,H,ub,ch,334
KT_CH_06,5,7,KT,H,ub,ch,444
KT_CH_06,6,8,KT,H,ub,ch,587
KT_CH_06,7,9,KT,H,ub,ch,797
KT_CH_06,8,8,KT,H,ub,ch,987
KT_CH_06,9,8,KT,H,ub,ch,1261
KT_CH_07,1,9,KT,L,ub,ch,59
KT_CH_07,2,8,KT,L,ub,ch,161
KT_CH_07,3,8,KT,L,ub,ch,248
KT_CH_07,4,7,KT,L,ub,ch,334
KT_CH_07,5,6,KT,L,ub,ch,444
KT_CH_07,6,6,KT,L,ub,ch,587
KT_CH_07,7,3,KT,L,ub,ch,797
KT_CH_07,8,0,KT,L,ub,ch,987
KT_CH_07,9,0,KT,L,ub,ch,1261
KT_CH_08,1,5,KT,M,ub,ch,59
KT_CH_08,2,5,KT,M,ub,ch,161
KT_CH_08,3,5,KT,M,ub,ch,248
KT_CH_08,4,5,KT,M,ub,ch,334
KT_CH_08,5,6,KT,M,ub,ch,444
KT_CH_08,6,6,KT,M,ub,ch,587
KT_CH_08,7,4,KT,M,ub,ch,797
KT_CH_08,8,4,KT,M,ub,ch,987
KT_CH_08,9,2,KT,M,ub,ch,1261
KT_CH_09,1,7,KT,H,ub,ch,59
KT_CH_09,2,7,KT,H,ub,ch,161
KT_CH_09,3,9,KT,H,ub,ch,248
KT_CH_09,4,8,KT,H,ub,ch,334
KT_CH_09,5,8,KT,H,ub,ch,444
KT_CH_09,6,8,KT,H,ub,ch,587
KT_CH_09,7,2,KT,H,b,ch,797
KT_CH_09,8,2,KT,H,b,ch,987
KT_CH_09,9,2,KT,H,b,ch,1261
KT_CH_10,1,2,KT,L,ub,ch,59
KT_CH_10,2,2,KT,L,ub,ch,161
KT_CH_10,3,2,KT,L,ub,ch,248
KT_CH_10,4,2,KT,L,ub,ch,334
KT_CH_10,5,2,KT,L,ub,ch,444
KT_CH_10,6,2,KT,L,ub,ch,587
KT_CH_10,7,1,KT,L,ub,ch,797
KT_CH_10,8,1,KT,L,ub,ch,987
KT_CH_10,9,1,KT,L,ub,ch,1261
KT_CH_11,1,2,KT,H,ub,ch,59
KT_CH_11,2,3,KT,H,ub,ch,161
KT_CH_11,3,3,KT,H,ub,ch,248
KT_CH_11,4,4,KT,H,ub,ch,334
KT_CH_11,5,4,KT,H,ub,ch,444
KT_CH_11,6,4,KT,H,ub,ch,587
KT_CH_11,7,4,KT,H,ub,ch,797
KT_CH_11,8,4,KT,H,ub,ch,987
KT_CH_11,9,3,KT,H,ub,ch,1261
KT_CH_12,1,5,KT,H,ub,ch,59
KT_CH_12,2,4,KT,H,ub,ch,161
KT_CH_12,3,8,KT,H,ub,ch,248
KT_CH_12,4,9,KT,H,ub,ch,334
KT_CH_12,5,9,KT,H,ub,ch,444
KT_CH_12,6,9,KT,H,ub,ch,587
KT_CH_12,7,8,KT,H,ub,ch,797
KT_CH_12,8,6,KT,H,ub,ch,987
KT_CH_12,9,7,KT,H,ub,ch,1261
KT_CH_13,1,5,KT,L,ub,ch,59
KT_CH_13,2,5,KT,L,ub,ch,161
KT_CH_13,3,5,KT,L,ub,ch,248
KT_CH_13,4,6,KT,L,ub,ch,334
KT_CH_13,5,5,KT,L,ub,ch,444
KT_CH_13,6,6,KT,L,ub,ch,587
KT_CH_13,7,1,KT,L,b,ch,797
KT_CH_13,8,1,KT,L,b,ch,987
KT_CH_13,9,1,KT,L,b,ch,1261
KT_CH_14,1,9,KT,M,ub,ch,59
KT_CH_14,2,10,KT,M,ub,ch,161
KT_CH_14,3,9,KT,M,ub,ch,248
KT_CH_14,4,9,KT,M,ub,ch,334
KT_CH_14,5,10,KT,M,ub,ch,444
KT_CH_14,6,11,KT,M,ub,ch,587
KT_CH_14,7,7,KT,M,b,ch,797
KT_CH_14,8,7,KT,M,b,ch,987
KT_CH_14,9,5,KT,M,b,ch,1261
KT_CH_15,1,8,KT,L,ub,ch,59
KT_CH_15,2,8,KT,L,ub,ch,161
KT_CH_15,3,7,KT,L,ub,ch,248
KT_CH_15,4,7,KT,L,ub,ch,334
KT_CH_15,5,5,KT,L,ub,ch,444
KT_CH_15,6,7,KT,L,ub,ch,587
KT_CH_15,7,1,KT,L,b,ch,797
KT_CH_15,8,1,KT,L,b,ch,987
KT_CH_15,9,0,KT,L,b,ch,1261
KT_CH_16,1,5,KT,M,ub,ch,59
KT_CH_16,2,6,KT,M,ub,ch,161
KT_CH_16,3,7,KT,M,ub,ch,248
KT_CH_16,4,7,KT,M,ub,ch,334
KT_CH_16,5,8,KT,M,ub,ch,444
KT_CH_16,6,7,KT,M,ub,ch,587
KT_CH_16,7,2,KT,M,b,ch,797
KT_CH_16,8,2,KT,M,b,ch,987
KT_CH_16,9,2,KT,M,b,ch,1261
KT_CH_17,1,5,KT,M,ub,ch,59
KT_CH_17,2,4,KT,M,ub,ch,161
KT_CH_17,3,8,KT,M,ub,ch,248
KT_CH_17,4,8,KT,M,ub,ch,334
KT_CH_17,5,8,KT,M,ub,ch,444
KT_CH_17,6,8,KT,M,ub,ch,587
KT_CH_17,7,8,KT,M,ub,ch,797
KT_CH_17,8,7,KT,M,ub,ch,987
KT_CH_17,9,7,KT,M,ub,ch,1261
KT_CH_18,1,4,KT,M,ub,ch,59
KT_CH_18,2,3,KT,M,ub,ch,161
KT_CH_18,3,3,KT,M,ub,ch,248
KT_CH_18,4,3,KT,M,ub,ch,334
KT_CH_18,5,3,KT,M,ub,ch,444
KT_CH_18,6,3,KT,M,ub,ch,587
KT_CH_18,7,3,KT,M,ub,ch,797
KT_CH_18,8,3,KT,M,ub,ch,987
KT_CH_18,9,3,KT,M,ub,ch,1261
KT_CH_19,1,4,KT,L,ub,ch,59
KT_CH_19,2,5,KT,L,ub,ch,161
KT_CH_19,3,6,KT,L,ub,ch,248
KT_CH_19,4,6,KT,L,ub,ch,334
KT_CH_19,5,6,KT,L,ub,ch,444
KT_CH_19,6,7,KT,L,ub,ch,587
KT_CH_19,7,2,KT,L,b,ch,797
KT_CH_19,8,2,KT,L,b,ch,987
KT_CH_19,9,1,KT,L,b,ch,1261
KT_CH_20,1,10,KT,H,ub,ch,59
KT_CH_20,2,10,KT,H,ub,ch,161
KT_CH_20,3,11,KT,H,ub,ch,248
KT_CH_20,4,11,KT,H,ub,ch,334
KT_CH_20,5,11,KT,H,ub,ch,444
KT_CH_20,6,11,KT,H,ub,ch,587
KT_CH_20,7,9,KT,H,b,ch,797
KT_CH_20,8,9,KT,H,b,ch,987
KT_CH_20,9,6,KT,H,b,ch,1261
KT_CH_21,1,7,KT,L,ub,ch,59
KT_CH_21,2,9,KT,L,ub,ch,161
KT_CH_21,3,9,KT,L,ub,ch,248
KT_CH_21,4,8,KT,L,ub,ch,334
KT_CH_21,5,8,KT,L,ub,ch,444
KT_CH_21,6,9,KT,L,ub,ch,587
KT_CH_21,7,4,KT,L,ub,ch,797
KT_CH_21,8,4,KT,L,ub,ch,987
KT_CH_21,9,5,KT,L,ub,ch,1261
KT_CH_22,1,9,KT,H,ub,ch,59
KT_CH_22,2,9,KT,H,ub,ch,161
KT_CH_22,3,10,KT,H,ub,ch,248
KT_CH_22,4,10,KT,H,ub,ch,334
KT_CH_22,5,9,KT,H,ub,ch,444
KT_CH_22,6,11,KT,H,ub,ch,587
KT_CH_22,7,8,KT,H,b,ch,797
KT_CH_22,8,7,KT,H,b,ch,987
KT_CH_22,9,5,KT,H,b,ch,1261
KT_CH_23,1,9,KT,M,ub,ch,59
KT_CH_23,2,9,KT,M,ub,ch,161
KT_CH_23,3,10,KT,M,ub,ch,248
KT_CH_23,4,10,KT,M,ub,ch,334
KT_CH_23,5,10,KT,M,ub,ch,444
KT_CH_23,6,11,KT,M,ub,ch,587
KT_CH_23,7,9,KT,M,b,ch,797
KT_CH_23,8,8,KT,M,b,ch,987
KT_CH_23,9,8,KT,M,b,ch,1261
KT_CH_24,1,7,KT,L,ub,ch,59
KT_CH_24,2,7,KT,L,ub,ch,161
KT_CH_24,3,6,KT,L,ub,ch,248
KT_CH_24,4,5,KT,L,ub,ch,334
KT_CH_24,5,5,KT,L,ub,ch,444
KT_CH_24,6,5,KT,L,ub,ch,587
KT_CH_24,7,0,KT,L,b,ch,797
KT_CH_24,8,0,KT,L,b,ch,987
KT_CH_24,9,0,KT,L,b,ch,1261
KT_CH_25,1,7,KT,M,ub,ch,59
KT_CH_25,2,8,KT,M,ub,ch,161
KT_CH_25,3,10,KT,M,ub,ch,248
KT_CH_25,4,10,KT,M,ub,ch,334
KT_CH_25,5,10,KT,M,ub,ch,444
KT_CH_25,6,12,KT,M,ub,ch,587
KT_CH_25,7,2,KT,M,b,ch,797
KT_CH_25,8,2,KT,M,b,ch,987
KT_CH_25,9,2,KT,M,b,ch,1261
KT_CH_26,1,7,KT,H,ub,ch,59
KT_CH_26,2,7,KT,H,ub,ch,161
KT_CH_26,3,7,KT,H,ub,ch,248
KT_CH_26,4,7,KT,H,ub,ch,334
KT_CH_26,5,7,KT,H,ub,ch,444
KT_CH_26,6,9,KT,H,ub,ch,587
KT_CH_26,7,6,KT,H,b,ch,797
KT_CH_26,8,7,KT,H,b,ch,987
KT_CH_26,9,9,KT,H,b,ch,1261
KT_CH_27,1,8,KT,M,ub,ch,59
KT_CH_27,2,8,KT,M,ub,ch,161
KT_CH_27,3,9,KT,M,ub,ch,248
KT_CH_27,4,8,KT,M,ub,ch,334
KT_CH_27,5,9,KT,M,ub,ch,444
KT_CH_27,6,9,KT,M,ub,ch,587
KT_CH_27,7,4,KT,M,b,ch,797
KT_CH_27,8,4,KT,M,b,ch,987
KT_CH_27,9,3,KT,M,b,ch,1261
KT_CH_28,1,6,KT,H,ub,ch,59
KT_CH_28,2,7,KT,H,ub,ch,161
KT_CH_28,3,8,KT,H,ub,ch,248
KT_CH_28,4,9,KT,H,ub,ch,334
KT_CH_28,5,8,KT,H,ub,ch,444
KT_CH_28,6,9,KT,H,ub,ch,587
KT_CH_28,7,8,KT,H,ub,ch,797
KT_CH_28,8,7,KT,H,ub,ch,987
KT_CH_28,9,6,KT,H,ub,ch,1261
KT_CH_29,1,8,KT,L,ub,ch,59
KT_CH_29,2,10,KT,L,ub,ch,161
KT_CH_29,3,6,KT,L,ub,ch,248
KT_CH_29,4,5,KT,L,ub,ch,334
KT_CH_29,5,5,KT,L,ub,ch,444
KT_CH_29,6,4,KT,L,ub,ch,587
KT_CH_29,7,2,KT,L,ub,ch,797
KT_CH_29,8,1,KT,L,ub,ch,987
KT_CH_29,9,1,KT,L,ub,ch,1261
KT_CH_30,1,8,KT,M,ub,ch,59
KT_CH_30,2,7,KT,M,ub,ch,161
KT_CH_30,3,8,KT,M,ub,ch,248
KT_CH_30,4,8,KT,M,ub,ch,334
KT_CH_30,5,8,KT,M,ub,ch,444
KT_CH_30,6,9,KT,M,ub,ch,587
KT_CH_30,7,10,KT,M,ub,ch,797
KT_CH_30,8,9,KT,M,ub,ch,987
KT_CH_30,9,7,KT,M,ub,ch,1261
KT_CH_31,1,7,KT,L,ub,ch,59
KT_CH_31,2,7,KT,L,ub,ch,161
KT_CH_31,3,5,KT,L,ub,ch,248
KT_CH_31,4,6,KT,L,ub,ch,334
KT_CH_31,5,6,KT,L,ub,ch,444
KT_CH_31,6,8,KT,L,ub,ch,587
KT_CH_31,7,1,KT,L,b,ch,797
KT_CH_31,8,1,KT,L,b,ch,987
KT_CH_31,9,1,KT,L,b,ch,1261
KT_TT_01,1,2,KT,H,ub,tt,59
KT_TT_01,2,2,KT,H,ub,tt,161
KT_TT_01,3,3,KT,H,ub,tt,248
KT_TT_01,4,3,KT,H,ub,tt,334
KT_TT_01,5,3,KT,H,ub,tt,444
KT_TT_01,6,3,KT,H,ub,tt,587
KT_TT_01,7,4,KT,H,b,tt,797
KT_TT_01,8,3,KT,H,b,tt,987
KT_TT_01,9,3,KT,H,b,tt,1261
KT_TT_02,1,5,KT,L,ub,tt,59
KT_TT_02,2,5,KT,L,ub,tt,161
KT_TT_02,3,5,KT,L,ub,tt,248
KT_TT_02,4,5,KT,L,ub,tt,334
KT_TT_02,5,5,KT,L,ub,tt,444
KT_TT_02,6,5,KT,L,ub,tt,587
KT_TT_02,7,3,KT,L,b,tt,797
KT_TT_02,8,4,KT,L,b,tt,987
KT_TT_02,9,3,KT,L,b,tt,1261
KT_TT_03,1,7,KT,L,ub,tt,59
KT_TT_03,2,7,KT,L,ub,tt,161
KT_TT_03,3,6,KT,L,ub,tt,248
KT_TT_03,4,7,KT,L,ub,tt,334
KT_TT_03,5,8,KT,L,ub,tt,444
KT_TT_03,6,8,KT,L,ub,tt,587
KT_TT_03,7,3,KT,L,ub,tt,797
KT_TT_03,8,3,KT,L,ub,tt,987
KT_TT_03,9,4,KT,L,ub,tt,1261
KT_TT_04,1,8,KT,M,ub,tt,59
KT_TT_04,2,9,KT,M,ub,tt,161
KT_TT_04,3,10,KT,M,ub,tt,248
KT_TT_04,4,8,KT,M,ub,tt,334
KT_TT_04,5,8,KT,M,ub,tt,444
KT_TT_04,6,8,KT,M,ub,tt,587
KT_TT_04,7,9,KT,M,ub,tt,797
KT_TT_04,8,9,KT,M,ub,tt,987
KT_TT_04,9,9,KT,M,ub,tt,1261
KT_TT_05,1,2,KT,L,ub,tt,59
KT_TT_05,2,2,KT,L,ub,tt,161
KT_TT_05,3,2,KT,L,ub,tt,248
KT_TT_05,4,2,KT,L,ub,tt,334
KT_TT_05,5,2,KT,L,ub,tt,444
KT_TT_05,6,2,KT,L,ub,tt,587
KT_TT_05,7,2,KT,L,ub,tt,797
KT_TT_05,8,2,KT,L,ub,tt,987
KT_TT_05,9,1,KT,L,ub,tt,1261
KT_TT_06,1,8,KT,L,ub,tt,59
KT_TT_06,2,8,KT,L,ub,tt,161
KT_TT_06,3,8,KT,L,ub,tt,248
KT_TT_06,4,9,KT,L,ub,tt,334
KT_TT_06,5,9,KT,L,ub,tt,444
KT_TT_06,6,9,KT,L,ub,tt,587
KT_TT_06,7,2,KT,L,b,tt,797
KT_TT_06,8,2,KT,L,b,tt,987
KT_TT_06,9,1,KT,L,b,tt,1261
KT_TT_07,1,5,KT,H,ub,tt,59
KT_TT_07,2,5,KT,H,ub,tt,161
KT_TT_07,3,5,KT,H,ub,tt,248
KT_TT_07,4,5,KT,H,ub,tt,334
KT_TT_07,5,5,KT,H,ub,tt,444
KT_TT_07,6,6,KT,H,ub,tt,587
KT_TT_07,7,4,KT,H,ub,tt,797
KT_TT_07,8,4,KT,H,ub,tt,987
KT_TT_07,9,4,KT,H,ub,tt,1261
KT_TT_08,1,3,KT,H,ub,tt,59
KT_TT_08,2,4,KT,H,ub,tt,161
KT_TT_08,3,4,KT,H,ub,tt,248
KT_TT_08,4,5,KT,H,ub,tt,334
KT_TT_08,5,5,KT,H,ub,tt,444
KT_TT_08,6,5,KT,H,ub,tt,587
KT_TT_08,7,2,KT,H,b,tt,797
KT_TT_08,8,3,KT,H,b,tt,987
KT_TT_08,9,3,KT,H,b,tt,1261
KT_TT_09,1,6,KT,M,ub,tt,59
KT_TT_09,2,5,KT,M,ub,tt,161
KT_TT_09,3,7,KT,M,ub,tt,248
KT_TT_09,4,6,KT,M,ub,tt,334
KT_TT_09,5,7,KT,M,ub,tt,444
KT_TT_09,6,8,KT,M,ub,tt,587
KT_TT_09,7,4,KT,M,b,tt,797
KT_TT_09,8,3,KT,M,b,tt,987
KT_TT_09,9,2,KT,M,b,tt,1261
KT_TT_10,1,7,KT,M,ub,tt,59
KT_TT_10,2,7,KT,M,ub,tt,161
KT_TT_10,3,7,KT,M,ub,tt,248
KT_TT_10,4,7,KT,M,ub,tt,334
KT_TT_10,5,6,KT,M,ub,tt,444
KT_TT_10,6,7,KT,M,ub,tt,587
KT_TT_10,7,3,KT,M,b,tt,797
KT_TT_10,8,2,KT,M,b,tt,987
KT_TT_10,9,1,KT,M,b,tt,1261
KT_TT_11,1,6,KT,M,ub,tt,59
KT_TT_11,2,6,KT,M,ub,tt,161
KT_TT_11,3,5,KT,M,ub,tt,248
KT_TT_11,4,6,KT,M,ub,tt,334
KT_TT_11,5,6,KT,M,ub,tt,444
KT_TT_11,6,7,KT,M,ub,tt,587
KT_TT_11,7,4,KT,M,b,tt,797
KT_TT_11,8,3,KT,M,b,tt,987
KT_TT_11,9,3,KT,M,b,tt,1261
KT_TT_12,1,5,KT,H,ub,tt,59
KT_TT_12,2,6,KT,H,ub,tt,161
KT_TT_12,3,7,KT,H,ub,tt,248
KT_TT_12,4,7,KT,H,ub,tt,334
KT_TT_12,5,8,KT,H,ub,tt,444
KT_TT_12,6,7,KT,H,ub,tt,587
KT_TT_12,7,3,KT,H,b,tt,797
KT_TT_12,8,4,KT,H,b,tt,987
KT_TT_12,9,4,KT,H,b,tt,1261
KT_TT_13,1,8,KT,H,ub,tt,59
KT_TT_13,2,9,KT,H,ub,tt,161
KT_TT_13,3,7,KT,H,ub,tt,248
KT_TT_13,4,8,KT,H,ub,tt,334
KT_TT_13,5,7,KT,H,ub,tt,444
KT_TT_13,6,6,KT,H,ub,tt,587
KT_TT_13,7,7,KT,H,ub,tt,797
KT_TT_13,8,6,KT,H,ub,tt,987
KT_TT_13,9,5,KT,H,ub,tt,1261
KT_TT_14,1,5,KT,M,ub,tt,59
KT_TT_14,2,5,KT,M,ub,tt,161
KT_TT_14,3,7,KT,M,ub,tt,248
KT_TT_14,4,7,KT,M,ub,tt,334
KT_TT_14,5,7,KT,M,ub,tt,444
KT_TT_14,6,8,KT,M,ub,tt,587
KT_TT_14,7,7,KT,M,ub,tt,797
KT_TT_14,8,8,KT,M,ub,tt,987
KT_TT_14,9,7,KT,M,ub,tt,1261
KT_TT_15,1,3,KT,H,ub,tt,59
KT_TT_15,2,3,KT,H,ub,tt,161
KT_TT_15,3,5,KT,H,ub,tt,248
KT_TT_15,4,4,KT,H,ub,tt,334
KT_TT_15,5,4,KT,H,ub,tt,444
KT_TT_15,6,4,KT,H,ub,tt,587
KT_TT_15,7,6,KT,H,b,tt,797
KT_TT_15,8,6,KT,H,b,tt,987
KT_TT_15,9,5,KT,H,b,tt,1261
KT_TT_16,1,5,KT,H,ub,tt,59
KT_TT_16,2,5,KT,H,ub,tt,161
KT_TT_16,3,4,KT,H,ub,tt,248
KT_TT_16,4,4,KT,H,ub,tt,334
KT_TT_16,5,5,KT,H,ub,tt,444
KT_TT_16,6,5,KT,H,ub,tt,587
KT_TT_16,7,3,KT,H,b,tt,797
KT_TT_16,8,2,KT,H,b,tt,987
KT_TT_16,9,2,KT,H,b,tt,1261
KT_TT_17,1,3,KT,H,ub,tt,59
KT_TT_17,2,4,KT,H,ub,tt,161
KT_TT_17,3,4,KT,H,ub,tt,248
KT_TT_17,4,3,KT,H,ub,tt,334
KT_TT_17,5,3,KT,H,ub,tt,444
KT_TT_17,6,3,KT,H,ub,tt,587
KT_TT_17,7,3,KT,H,ub,tt,797
KT_TT_17,8,2,KT,H,ub,tt,987
KT_TT_17,9,2,KT,H,ub,tt,1261
KT_TT_18,1,3,KT,M,ub,tt,59
KT_TT_18,2,3,KT,M,ub,tt,161
KT_TT_18,3,4,KT,M,ub,tt,248
KT_TT_18,4,4,KT,M,ub,tt,334
KT_TT_18,5,4,KT,M,ub,tt,444
KT_TT_18,6,4,KT,M,ub,tt,587
KT_TT_18,7,4,KT,M,ub,tt,797
KT_TT_18,8,4,KT,M,ub,tt,987
KT_TT_18,9,4,KT,M,ub,tt,1261
KT_TT_19,1,3,KT,M,ub,tt,59
KT_TT_19,2,3,KT,M,ub,tt,161
KT_TT_19,3,3,KT,M,ub,tt,248
KT_TT_19,4,4,KT,M,ub,tt,334
KT_TT_19,5,3,KT,M,ub,tt,444
KT_TT_19,6,3,KT,M,ub,tt,587
KT_TT_19,7,3,KT,M,ub,tt,797
KT_TT_19,8,3,KT,M,ub,tt,987
KT_TT_19,9,3,KT,M,ub,tt,1261
KT_TT_20,1,2,KT,H,ub,tt,59
KT_TT_20,2,3,KT,H,ub,tt,161
KT_TT_20,3,3,KT,H,ub,tt,248
KT_TT_20,4,3,KT,H,ub,tt,334
KT_TT_20,5,3,KT,H,ub,tt,444
KT_TT_20,6,4,KT,H,ub,tt,587
KT_TT_20,7,5,KT,H,ub,tt,797
KT_TT_20,8,5,KT,H,ub,tt,987
KT_TT_20,9,5,KT,H,ub,tt,1261
KT_TT_21,1,4,KT,L,ub,tt,59
KT_TT_21,2,4,KT,L,ub,tt,161
KT_TT_21,3,4,KT,L,ub,tt,248
KT_TT_21,4,4,KT,L,ub,tt,334
KT_TT_21,5,4,KT,L,ub,tt,444
KT_TT_21,6,4,KT,L,ub,tt,587
KT_TT_21,7,3,KT,L,ub,tt,797
KT_TT_21,8,3,KT,L,ub,tt,987
KT_TT_21,9,4,KT,L,ub,tt,1261
KT_TT_22,1,1,KT,L,ub,tt,59
KT_TT_22,2,1,KT,L,ub,tt,161
KT_TT_22,3,1,KT,L,ub,tt,248
KT_TT_22,4,2,KT,L,ub,tt,334
KT_TT_22,5,2,KT,L,ub,tt,444
KT_TT_22,6,2,KT,L,ub,tt,587
KT_TT_22,7,2,KT,L,ub,tt,797
KT_TT_22,8,2,KT,L,ub,tt,987
KT_TT_22,9,2,KT,L,ub,tt,1261
KT_TT_23,1,1,KT,H,ub,tt,59
KT_TT_23,2,1,KT,H,ub,tt,161
KT_TT_23,3,1,KT,H,ub,tt,248
KT_TT_23,4,4,KT,H,ub,tt,334
KT_TT_23,5,4,KT,H,ub,tt,444
KT_TT_23,6,3,KT,H,ub,tt,587
KT_TT_23,7,4,KT,H,ub,tt,797
KT_TT_23,8,3,KT,H,ub,tt,987
KT_TT_23,9,3,KT,H,ub,tt,1261
KT_TT_24,1,5,KT,L,ub,tt,59
KT_TT_24,2,5,KT,L,ub,tt,161
KT_TT_24,3,5,KT,L,ub,tt,248
KT_TT_24,4,5,KT,L,ub,tt,334
KT_TT_24,5,5,KT,L,ub,tt,444
KT_TT_24,6,6,KT,L,ub,tt,587
KT_TT_24,7,1,KT,L,b,tt,797
KT_TT_24,8,1,KT,L,b,tt,987
KT_TT_24,9,0,KT,L,b,tt,1261
KT_TT_25,1,4,KT,M,ub,tt,59
KT_TT_25,2,4,KT,M,ub,tt,161
KT_TT_25,3,4,KT,M,ub,tt,248
KT_TT_25,4,4,KT,M,ub,tt,334
KT_TT_25,5,4,KT,M,ub,tt,444
KT_TT_25,6,6,KT,M,ub,tt,587
KT_TT_25,7,4,KT,M,b,tt,797
KT_TT_25,8,3,KT,M,b,tt,987
KT_TT_25,9,3,KT,M,b,tt,1261
KT_TT_26,1,4,KT,L,ub,tt,59
KT_TT_26,2,4,KT,L,ub,tt,161
KT_TT_26,3,5,KT,L,ub,tt,248
KT_TT_26,4,5,KT,L,ub,tt,334
KT_TT_26,5,5,KT,L,ub,tt,444
KT_TT_26,6,5,KT,L,ub,tt,587
KT_TT_26,7,3,KT,L,ub,tt,797
KT_TT_26,8,2,KT,L,ub,tt,987
KT_TT_26,9,3,KT,L,ub,tt,1261
KT_TT_27,1,3,KT,M,ub,tt,59
KT_TT_27,2,3,KT,M,ub,tt,161
KT_TT_27,3,3,KT,M,ub,tt,248
KT_TT_27,4,3,KT,M,ub,tt,334
KT_TT_27,5,3,KT,M,ub,tt,444
KT_TT_27,6,3,KT,M,ub,tt,587
KT_TT_27,7,2,KT,M,b,tt,797
KT_TT_27,8,2,KT,M,b,tt,987
KT_TT_27,9,2,KT,M,b,tt,1261
KT_TT_28,1,1,KT,M,ub,tt,59
KT_TT_28,2,1,KT,M,ub,tt,161
KT_TT_28,3,2,KT,M,ub,tt,248
KT_TT_28,4,2,KT,M,ub,tt,334
KT_TT_28,5,2,KT,M,ub,tt,444
KT_TT_28,6,2,KT,M,ub,tt,587
KT_TT_28,7,3,KT,M,ub,tt,797
KT_TT_28,8,3,KT,M,ub,tt,987
KT_TT_28,9,3,KT,M,ub,tt,1261
KT_TT_29,1,3,KT,L,ub,tt,59
KT_TT_29,2,3,KT,L,ub,tt,161
KT_TT_29,3,3,KT,L,ub,tt,248
KT_TT_29,4,3,KT,L,ub,tt,334
KT_TT_29,5,3,KT,L,ub,tt,444
KT_TT_29,6,2,KT,L,ub,tt,587
KT_TT_29,7,1,KT,L,b,tt,797
KT_TT_29,8,0,KT,L,b,tt,987
KT_TT_29,9,0,KT,L,b,tt,1261
KT_TT_30,1,1,KT,L,ub,tt,59
KT_TT_30,2,1,KT,L,ub,tt,161
KT_TT_30,3,1,KT,L,ub,tt,248
KT_TT_30,4,1,KT,L,ub,tt,334
KT_TT_30,5,1,KT,L,ub,tt,444
KT_TT_30,6,1,KT,L,ub,tt,587
KT_TT_30,7,1,KT,L,b,tt,797
KT_TT_30,8,1,KT,L,b,tt,987
KT_TT_30,9,0,KT,L,b,tt,1261
KT_TT_31,1,2,KT,L,ub,tt,59
KT_TT_31,2,5,KT,L,ub,tt,161
KT_TT_31,3,5,KT,L,ub,tt,248
KT_TT_31,4,3,KT,L,ub,tt,334
KT_TT_31,5,2,KT,L,ub,tt,444
KT_TT_31,6,4,KT,L,ub,tt,587
KT_TT_31,7,1,KT,L,b,tt,797
KT_TT_31,8,1,KT,L,b,tt,987
KT_TT_31,9,0,KT,L,b,tt,1261
MH_CH_01,1,5,MH,H,ub,ch,59
MH_CH_01,2,5,MH,H,ub,ch,161
MH_CH_01,3,5,MH,H,ub,ch,248
MH_CH_01,4,5,MH,H,ub,ch,334
MH_CH_01,5,5,MH,H,ub,ch,444
MH_CH_01,6,5,MH,H,ub,ch,587
MH_CH_01,7,6,MH,H,b,ch,797
MH_CH_01,8,6,MH,H,b,ch,987
MH_CH_01,9,6,MH,H,b,ch,1261
MH_CH_02,1,5,MH,L,ub,ch,59
MH_CH_02,2,4,MH,L,ub,ch,161
MH_CH_02,3,4,MH,L,ub,ch,248
MH_CH_02,4,4,MH,L,ub,ch,334
MH_CH_02,5,4,MH,L,ub,ch,444
MH_CH_02,6,3,MH,L,ub,ch,587
MH_CH_02,7,3,MH,L,ub,ch,797
MH_CH_02,8,2,MH,L,ub,ch,987
MH_CH_02,9,2,MH,L,ub,ch,1261
MH_CH_03,1,6,MH,M,ub,ch,59
MH_CH_03,2,6,MH,M,ub,ch,161
MH_CH_03,3,7,MH,M,ub,ch,248
MH_CH_03,4,7,MH,M,ub,ch,334
MH_CH_03,5,7,MH,M,ub,ch,444
MH_CH_03,6,7,MH,M,ub,ch,587
MH_CH_03,7,7,MH,M,ub,ch,797
MH_CH_03,8,7,MH,M,ub,ch,987
MH_CH_03,9,6,MH,M,ub,ch,1261
MH_CH_04,1,3,MH,H,ub,ch,59
MH_CH_04,2,5,MH,H,ub,ch,161
MH_CH_04,3,6,MH,H,ub,ch,248
MH_CH_04,4,6,MH,H,ub,ch,334
MH_CH_04,5,5,MH,H,ub,ch,444
MH_CH_04,6,4,MH,H,ub,ch,587
MH_CH_04,7,5,MH,H,ub,ch,797
MH_CH_04,8,4,MH,H,ub,ch,987
MH_CH_04,9,4,MH,H,ub,ch,1261
MH_CH_05,1,6,MH,L,ub,ch,59
MH_CH_05,2,7,MH,L,ub,ch,161
MH_CH_05,3,7,MH,L,ub,ch,248
MH_CH_05,4,7,MH,L,ub,ch,334
MH_CH_05,5,7,MH,L,ub,ch,444
MH_CH_05,6,8,MH,L,ub,ch,587
MH_CH_05,7,7,MH,L,ub,ch,797
MH_CH_05,8,7,MH,L,ub,ch,987
MH_CH_05,9,6,MH,L,ub,ch,1261
MH_CH_06,1,6,MH,M,ub,ch,59
MH_CH_06,2,6,MH,M,ub,ch,161
MH_CH_06,3,7,MH,M,ub,ch,248
MH_CH_06,4,7,MH,M,ub,ch,334
MH_CH_06,5,8,MH,M,ub,ch,444
MH_CH_06,6,9,MH,M,ub,ch,587
MH_CH_06,7,0,MH,M,b,ch,797
MH_CH_06,8,0,MH,M,b,ch,987
MH_CH_06,9,0,MH,M,b,ch,1261
MH_CH_07,1,8,MH,H,ub,ch,59
MH_CH_07,2,5,MH,H,ub,ch,161
MH_CH_07,3,8,MH,H,ub,ch,248
MH_CH_07,4,7,MH,H,ub,ch,334
MH_CH_07,5,7,MH,H,ub,ch,444
MH_CH_07,6,7,MH,H,ub,ch,587
MH_CH_07,7,7,MH,H,ub,ch,797
MH_CH_07,8,7,MH,H,ub,ch,987
MH_CH_07,9,7,MH,H,ub,ch,1261
MH_CH_08,1,3,MH,M,ub,ch,59
MH_CH_08,2,3,MH,M,ub,ch,161
MH_CH_08,3,4,MH,M,ub,ch,248
MH_CH_08,4,5,MH,M,ub,ch,334
MH_CH_08,5,5,MH,M,ub,ch,444
MH_CH_08,6,5,MH,M,ub,ch,587
MH_CH_08,7,5,MH,M,ub,ch,797
MH_CH_08,8,5,MH,M,ub,ch,987
MH_CH_08,9,4,MH,M,ub,ch,1261
MH_CH_09,1,2,MH,L,ub,ch,59
MH_CH_09,2,2,MH,L,ub,ch,161
MH_CH_09,3,3,MH,L,ub,ch,248
MH_CH_09,4,3,MH,L,ub,ch,334
MH_CH_09,5,3,MH,L,ub,ch,444
MH_CH_09,6,3,MH,L,ub,ch,587
MH_CH_09,7,3,MH,L,b,ch,797
MH_CH_09,8,2,MH,L,b,ch,987
MH_CH_09,9,2,MH,L,b,ch,1261
MH_CH_10,1,5,MH,M,ub,ch,59
MH_CH_10,2,6,MH,M,ub,ch,161
MH_CH_10,3,6,MH,M,ub,ch,248
MH_CH_10,4,5,MH,M,ub,ch,334
MH_CH_10,5,7,MH,M,ub,ch,444
MH_CH_10,6,6,MH,M,ub,ch,587
MH_CH_10,7,4,MH,M,b,ch,797
MH_CH_10,8,4,MH,M,b,ch,987
MH_CH_10,9,3,MH,M,b,ch,1261
MH_CH_11,1,6,MH,M,ub,ch,59
MH_CH_11,2,5,MH,M,ub,ch,161
MH_CH_11,3,5,MH,M,ub,ch,248
MH_CH_11,4,5,MH,M,ub,ch,334
MH_CH_11,5,7,MH,M,ub,ch,444
MH_CH_11,6,6,MH,M,ub,ch,587
MH_CH_11,7,7,MH,M,ub,ch,797
MH_CH_11,8,6,MH,M,ub,ch,987
MH_CH_11,9,5,MH,M,ub,ch,1261
MH_CH_12,1,4,MH,M,ub,ch,59
MH_CH_12,2,5,MH,M,ub,ch,161
MH_CH_12,3,5,MH,M,ub,ch,248
MH_CH_12,4,5,MH,M,ub,ch,334
MH_CH_12,5,5,MH,M,ub,ch,444
MH_CH_12,6,5,MH,M,ub,ch,587
MH_CH_12,7,3,MH,M,b,ch,797
MH_CH_12,8,2,MH,M,b,ch,987
MH_CH_12,9,2,MH,M,b,ch,1261
MH_CH_13,1,3,MH,L,ub,ch,59
MH_CH_13,2,3,MH,L,ub,ch,161
MH_CH_13,3,3,MH,L,ub,ch,248
MH_CH_13,4,3,MH,L,ub,ch,334
MH_CH_13,5,3,MH,L,ub,ch,444
MH_CH_13,6,3,MH,L,ub,ch,587
MH_CH_13,7,2,MH,L,b,ch,797
MH_CH_13,8,2,MH,L,b,ch,987
MH_CH_13,9,2,MH,L,b,ch,1261
MH_CH_14,1,6,MH,M,ub,ch,59
MH_CH_14,2,6,MH,M,ub,ch,161
MH_CH_14,3,6,MH,M,ub,ch,248
MH_CH_14,4,6,MH,M,ub,ch,334
MH_CH_14,5,6,MH,M,ub,ch,444
MH_CH_14,6,6,MH,M,ub,ch,587
MH_CH_14,7,6,MH,M,ub,ch,797
MH_CH_14,8,6,MH,M,ub,ch,987
MH_CH_14,9,6,MH,M,ub,ch,1261
MH_CH_15,1,4,MH,L,ub,ch,59
MH_CH_15,2,3,MH,L,ub,ch,161
MH_CH_15,3,4,MH,L,ub,ch,248
MH_CH_15,4,4,MH,L,ub,ch,334
MH_CH_15,5,4,MH,L,ub,ch,444
MH_CH_15,6,2,MH,L,ub,ch,587
MH_CH_15,7,3,MH,L,ub,ch,797
MH_CH_15,8,3,MH,L,ub,ch,987
MH_CH_15,9,1,MH,L,ub,ch,1261
MH_CH_16,1,6,MH,H,ub,ch,59
MH_CH_16,2,6,MH,H,ub,ch,161
MH_CH_16,3,6,MH,H,ub,ch,248
MH_CH_16,4,6,MH,H,ub,ch,334
MH_CH_16,5,7,MH,H,ub,ch,444
MH_CH_16,6,6,MH,H,ub,ch,587
MH_CH_16,7,7,MH,H,b,ch,797
MH_CH_16,8,7,MH,H,b,ch,987
MH_CH_16,9,7,MH,H,b,ch,1261
MH_CH_17,1,3,MH,L,ub,ch,59
MH_CH_17,2,3,MH,L,ub,ch,161
MH_CH_17,3,4,MH,L,ub,ch,248
MH_CH_17,4,3,MH,L,ub,ch,334
MH_CH_17,5,3,MH,L,ub,ch,444
MH_CH_17,6,2,MH,L,ub,ch,587
MH_CH_17,7,3,MH,L,ub,ch,797
MH_CH_17,8,3,MH,L,ub,ch,987
MH_CH_17,9,3,MH,L,ub,ch,1261
MH_CH_18,1,2,MH,H,ub,ch,59
MH_CH_18,2,3,MH,H,ub,ch,161
MH_CH_18,3,4,MH,H,ub,ch,248
MH_CH_18,4,4,MH,H,ub,ch,334
MH_CH_18,5,4,MH,H,ub,ch,444
MH_CH_18,6,5,MH,H,ub,ch,587
MH_CH_18,7,4,MH,H,ub,ch,797
MH_CH_18,8,5,MH,H,ub,ch,987
MH_CH_18,9,5,MH,H,ub,ch,1261
MH_CH_19,1,5,MH,H,ub,ch,59
MH_CH_19,2,5,MH,H,ub,ch,161
MH_CH_19,3,6,MH,H,ub,ch,248
MH_CH_19,4,6,MH,H,ub,ch,334
MH_CH_19,5,6,MH,H,ub,ch,444
MH_CH_19,6,7,MH,H,ub,ch,587
MH_CH_19,7,7,MH,H,ub,ch,797
MH_CH_19,8,6,MH,H,ub,ch,987
MH_CH_19,9,7,MH,H,ub,ch,1261
MH_CH_20,1,4,MH,L,ub,ch,59
MH_CH_20,2,4,MH,L,ub,ch,161
MH_CH_20,3,4,MH,L,ub,ch,248
MH_CH_20,4,5,MH,L,ub,ch,334
MH_CH_20,5,5,MH,L,ub,ch,444
MH_CH_20,6,4,MH,L,ub,ch,587
MH_CH_20,7,2,MH,L,b,ch,797
MH_CH_20,8,2,MH,L,b,ch,987
MH_CH_20,9,1,MH,L,b,ch,1261
MH_CH_21,1,5,MH,M,ub,ch,59
MH_CH_21,2,5,MH,M,ub,ch,161
MH_CH_21,3,5,MH,M,ub,ch,248
MH_CH_21,4,5,MH,M,ub,ch,334
MH_CH_21,5,6,MH,M,ub,ch,444
MH_CH_21,6,6,MH,M,ub,ch,587
MH_CH_21,7,6,MH,M,b,ch,797
MH_CH_21,8,6,MH,M,b,ch,987
MH_CH_21,9,5,MH,M,b,ch,1261
MH_CH_22,1,6,MH,H,ub,ch,59
MH_CH_22,2,7,MH,H,ub,ch,161
MH_CH_22,3,7,MH,H,ub,ch,248
MH_CH_22,4,8,MH,H,ub,ch,334
MH_CH_22,5,7,MH,H,ub,ch,444
MH_CH_22,6,7,MH,H,ub,ch,587
MH_CH_22,7,6,MH,H,b,ch,797
MH_CH_22,8,5,MH,H,b,ch,987
MH_CH_22,9,5,MH,H,b,ch,1261
MH_CH_23,1,4,MH,H,ub,ch,59
MH_CH_23,2,6,MH,H,ub,ch,161
MH_CH_23,3,6,MH,H,ub,ch,248
MH_CH_23,4,6,MH,H,ub,ch,334
MH_CH_23,5,6,MH,H,ub,ch,444
MH_CH_23,6,6,MH,H,ub,ch,587
MH_CH_23,7,4,MH,H,b,ch,797
MH_CH_23,8,4,MH,H,b,ch,987
MH_CH_23,9,4,MH,H,b,ch,1261
MH_CH_24,1,4,MH,L,ub,ch,59
MH_CH_24,2,4,MH,L,ub,ch,161
MH_CH_24,3,3,MH,L,ub,ch,248
MH_CH_24,4,2,MH,L,ub,ch,334
MH_CH_24,5,2,MH,L,ub,ch,444
MH_CH_24,6,3,MH,L,ub,ch,587
MH_CH_24,7,2,MH,L,b,ch,797
MH_CH_24,8,2,MH,L,b,ch,987
MH_CH_24,9,2,MH,L,b,ch,1261
MH_CH_25,1,4,MH,L,ub,ch,59
MH_CH_25,2,4,MH,L,ub,ch,161
MH_CH_25,3,4,MH,L,ub,ch,248
MH_CH_25,4,4,MH,L,ub,ch,334
MH_CH_25,5,4,MH,L,ub,ch,444
MH_CH_25,6,4,MH,L,ub,ch,587
MH_CH_25,7,3,MH,L,ub,ch,797
MH_CH_25,8,3,MH,L,ub,ch,987
MH_CH_25,9,3,MH,L,ub,ch,1261
MH_CH_26,1,5,MH,M,ub,ch,59
MH_CH_26,2,5,MH,M,ub,ch,161
MH_CH_26,3,5,MH,M,ub,ch,248
MH_CH_26,4,6,MH,M,ub,ch,334
MH_CH_26,5,6,MH,M,ub,ch,444
MH_CH_26,6,6,MH,M,ub,ch,587
MH_CH_26,7,6,MH,M,ub,ch,797
MH_CH_26,8,6,MH,M,ub,ch,987
MH_CH_26,9,4,MH,M,ub,ch,1261
MH_CH_27,1,4,MH,M,ub,ch,59
MH_CH_27,2,5,MH,M,ub,ch,161
MH_CH_27,3,4,MH,M,ub,ch,248
MH_CH_27,4,5,MH,M,ub,ch,334
MH_CH_27,5,6,MH,M,ub,ch,444
MH_CH_27,6,6,MH,M,ub,ch,587
MH_CH_27,7,5,MH,M,b,ch,797
MH_CH_27,8,5,MH,M,b,ch,987
MH_CH_27,9,5,MH,M,b,ch,1261
MH_CH_28,1,3,MH,H,ub,ch,59
MH_CH_28,2,3,MH,H,ub,ch,161
MH_CH_28,3,3,MH,H,ub,ch,248
MH_CH_28,4,3,MH,H,ub,ch,334
MH_CH_28,5,3,MH,H,ub,ch,444
MH_CH_28,6,3,MH,H,ub,ch,587
MH_CH_28,7,4,MH,H,b,ch,797
MH_CH_28,8,4,MH,H,b,ch,987
MH_CH_28,9,4,MH,H,b,ch,1261
MH_CH_29,1,4,MH,H,ub,ch,59
MH_CH_29,2,4,MH,H,ub,ch,161
MH_CH_29,3,4,MH,H,ub,ch,248
MH_CH_29,4,4,MH,H,ub,ch,334
MH_CH_29,5,4,MH,H,ub,ch,444
MH_CH_29,6,4,MH,H,ub,ch,587
MH_CH_29,7,4,MH,H,ub,ch,797
MH_CH_29,8,4,MH,H,ub,ch,987
MH_CH_29,9,3,MH,H,ub,ch,1261
MH_CH_30,1,4,MH,L,ub,ch,59
MH_CH_30,2,4,MH,L,ub,ch,161
MH_CH_30,3,4,MH,L,ub,ch,248
MH_CH_30,4,4,MH,L,ub,ch,334
MH_CH_30,5,4,MH,L,ub,ch,444
MH_CH_30,6,4,MH,L,ub,ch,587
MH_CH_30,7,2,MH,L,b,ch,797
MH_CH_30,8,2,MH,L,b,ch,987
MH_CH_30,9,2,MH,L,b,ch,1261
MH_CH_31,1,7,MH,M,ub,ch,59
MH_CH_31,2,8,MH,M,ub,ch,161
MH_CH_31,3,8,MH,M,ub,ch,248
MH_CH_31,4,8,MH,M,ub,ch,334
MH_CH_31,5,7,MH,M,ub,ch,444
MH_CH_31,6,7,MH,M,ub,ch,587
MH_CH_31,7,3,MH,M,b,ch,797
MH_CH_31,8,3,MH,M,b,ch,987
MH_CH_31,9,3,MH,M,b,ch,1261
MH_TT_01,1,5,MH,M,ub,tt,59
MH_TT_01,2,6,MH,M,ub,tt,161
MH_TT_01,3,6,MH,M,ub,tt,248
MH_TT_01,4,7,MH,M,ub,tt,334
MH_TT_01,5,7,MH,M,ub,tt,444
MH_TT_01,6,7,MH,M,ub,tt,587
MH_TT_01,7,2,MH,M,b,tt,797
MH_TT_01,8,2,MH,M,b,tt,987
MH_TT_01,9,2,MH,M,b,tt,1261
MH_TT_02,1,3,MH,M,ub,tt,59
MH_TT_02,2,4,MH,M,ub,tt,161
MH_TT_02,3,4,MH,M,ub,tt,248
MH_TT_02,4,5,MH,M,ub,tt,334
MH_TT_02,5,5,MH,M,ub,tt,444
MH_TT_02,6,6,MH,M,ub,tt,587
MH_TT_02,7,5,MH,M,ub,tt,797
MH_TT_02,8,5,MH,M,ub,tt,987
MH_TT_02,9,6,MH,M,ub,tt,1261
MH_TT_03,1,3,MH,H,ub,tt,59
MH_TT_03,2,3,MH,H,ub,tt,161
MH_TT_03,3,3,MH,H,ub,tt,248
MH_TT_03,4,3,MH,H,ub,tt,334
MH_TT_03,5,3,MH,H,ub,tt,444
MH_TT_03,6,3,MH,H,ub,tt,587
MH_TT_03,7,3,MH,H,ub,tt,797
MH_TT_03,8,2,MH,H,ub,tt,987
MH_TT_03,9,2,MH,H,ub,tt,1261
MH_TT_04,1,4,MH,L,ub,tt,59
MH_TT_04,2,4,MH,L,ub,tt,161
MH_TT_04,3,6,MH,L,ub,tt,248
MH_TT_04,4,6,MH,L,ub,tt,334
MH_TT_04,5,6,MH,L,ub,tt,444
MH_TT_04,6,7,MH,L,ub,tt,587
MH_TT_04,7,4,MH,L,ub,tt,797
MH_TT_04,8,4,MH,L,ub,tt,987
MH_TT_04,9,5,MH,L,ub,tt,1261
MH_TT_05,1,5,MH,L,ub,tt,59
MH_TT_05,2,6,MH,L,ub,tt,161
MH_TT_05,3,5,MH,L,ub,tt,248
MH_TT_05,4,5,MH,L,ub,tt,334
MH_TT_05,5,5,MH,L,ub,tt,444
MH_TT_05,6,5,MH,L,ub,tt,587
MH_TT_05,7,3,MH,L,ub,tt,797
MH_TT_05,8,3,MH,L,ub,tt,987
MH_TT_05,9,3,MH,L,ub,tt,1261
MH_TT_06,1,4,MH,L,ub,tt,59
MH_TT_06,2,3,MH,L,ub,tt,161
MH_TT_06,3,4,MH,L,ub,tt,248
MH_TT_06,4,4,MH,L,ub,tt,334
MH_TT_06,5,4,MH,L,ub,tt,444
MH_TT_06,6,4,MH,L,ub,tt,587
MH_TT_06,7,3,MH,L,b,tt,797
MH_TT_06,8,3,MH,L,b,tt,987
MH_TT_06,9,1,MH,L,b,tt,1261
MH_TT_07,1,2,MH,L,ub,tt,59
MH_TT_07,2,2,MH,L,ub,tt,161
MH_TT_07,3,1,MH,L,ub,tt,248
MH_TT_07,4,2,MH,L,ub,tt,334
MH_TT_07,5,2,MH,L,ub,tt,444
MH_TT_07,6,3,MH,L,ub,tt,587
MH_TT_07,7,2,MH,L,b,tt,797
MH_TT_07,8,2,MH,L,b,tt,987
MH_TT_07,9,1,MH,L,b,tt,1261
MH_TT_08,1,4,MH,H,ub,tt,59
MH_TT_08,2,4,MH,H,ub,tt,161
MH_TT_08,3,4,MH,H,ub,tt,248
MH_TT_08,4,4,MH,H,ub,tt,334
MH_TT_08,5,3,MH,H,ub,tt,444
MH_TT_08,6,3,MH,H,ub,tt,587
MH_TT_08,7,5,MH,H,b,tt,797
MH_TT_08,8,4,MH,H,b,tt,987
MH_TT_08,9,5,MH,H,b,tt,1261
MH_TT_09,1,4,MH,H,ub,tt,59
MH_TT_09,2,3,MH,H,ub,tt,161
MH_TT_09,3,4,MH,H,ub,tt,248
MH_TT_09,4,5,MH,H,ub,tt,334
MH_TT_09,5,5,MH,H,ub,tt,444
MH_TT_09,6,6,MH,H,ub,tt,587
MH_TT_09,7,8,MH,H,ub,tt,797
MH_TT_09,8,8,MH,H,ub,tt,987
MH_TT_09,9,9,MH,H,ub,tt,1261
MH_TT_10,1,4,MH,L,ub,tt,59
MH_TT_10,2,4,MH,L,ub,tt,161
MH_TT_10,3,4,MH,L,ub,tt,248
MH_TT_10,4,4,MH,L,ub,tt,334
MH_TT_10,5,3,MH,L,ub,tt,444
MH_TT_10,6,2,MH,L,ub,tt,587
MH_TT_10,7,1,MH,L,ub,tt,797
MH_TT_10,8,1,MH,L,ub,tt,987
MH_TT_10,9,1,MH,L,ub,tt,1261
MH_TT_11,1,5,MH,H,ub,tt,59
MH_TT_11,2,4,MH,H,ub,tt,161
MH_TT_11,3,4,MH,H,ub,tt,248
MH_TT_11,4,4,MH,H,ub,tt,334
MH_TT_11,5,4,MH,H,ub,tt,444
MH_TT_11,6,5,MH,H,ub,tt,587
MH_TT_11,7,3,MH,H,b,tt,797
MH_TT_11,8,3,MH,H,b,tt,987
MH_TT_11,9,3,MH,H,b,tt,1261
MH_TT_12,1,5,MH,L,ub,tt,59
MH_TT_12,2,5,MH,L,ub,tt,161
MH_TT_12,3,5,MH,L,ub,tt,248
MH_TT_12,4,5,MH,L,ub,tt,334
MH_TT_12,5,4,MH,L,ub,tt,444
MH_TT_12,6,4,MH,L,ub,tt,587
MH_TT_12,7,4,MH,L,ub,tt,797
MH_TT_12,8,5,MH,L,ub,tt,987
MH_TT_12,9,4,MH,L,ub,tt,1261
MH_TT_13,1,4,MH,H,ub,tt,59
MH_TT_13,2,4,MH,H,ub,tt,161
MH_TT_13,3,4,MH,H,ub,tt,248
MH_TT_13,4,4,MH,H,ub,tt,334
MH_TT_13,5,4,MH,H,ub,tt,444
MH_TT_13,6,5,MH,H,ub,tt,587
MH_TT_13,7,5,MH,H,ub,tt,797
MH_TT_13,8,4,MH,H,ub,tt,987
MH_TT_13,9,4,MH,H,ub,tt,1261
MH_TT_14,1,4,MH,M,ub,tt,59
MH_TT_14,2,4,MH,M,ub,tt,161
MH_TT_14,3,4,MH,M,ub,tt,248
MH_TT_14,4,4,MH,M,ub,tt,334
MH_TT_14,5,4,MH,M,ub,tt,444
MH_TT_14,6,5,MH,M,ub,tt,587
MH_TT_14,7,5,MH,M,b,tt,797
MH_TT_14,8,3,MH,M,b,tt,987
MH_TT_14,9,3,MH,M,b,tt,1261
MH_TT_15,1,3,MH,H,ub,tt,59
MH_TT_15,2,2,MH,H,ub,tt,161
MH_TT_15,3,3,MH,H,ub,tt,248
MH_TT_15,4,3,MH,H,ub,tt,334
MH_TT_15,5,3,MH,H,ub,tt,444
MH_TT_15,6,4,MH,H,ub,tt,587
MH_TT_15,7,4,MH,H,ub,tt,797
MH_TT_15,8,3,MH,H,ub,tt,987
MH_TT_15,9,3,MH,H,ub,tt,1261
MH_TT_16,1,8,MH,L,ub,tt,59
MH_TT_16,2,8,MH,L,ub,tt,161
MH_TT_16,3,9,MH,L,ub,tt,248
MH_TT_16,4,7,MH,L,ub,tt,334
MH_TT_16,5,9,MH,L,ub,tt,444
MH_TT_16,6,10,MH,L,ub,tt,587
MH_TT_16,7,8,MH,L,ub,tt,797
MH_TT_16,8,6,MH,L,ub,tt,987
MH_TT_16,9,6,MH,L,ub,tt,1261
MH_TT_17,1,5,MH,M,ub,tt,59
MH_TT_17,2,6,MH,M,ub,tt,161
MH_TT_17,3,5,MH,M,ub,tt,248
MH_TT_17,4,6,MH,M,ub,tt,334
MH_TT_17,5,6,MH,M,ub,tt,444
MH_TT_17,6,4,MH,M,ub,tt,587
MH_TT_17,7,4,MH,M,ub,tt,797
MH_TT_17,8,4,MH,M,ub,tt,987
MH_TT_17,9,6,MH,M,ub,tt,1261
MH_TT_18,1,5,MH,M,ub,tt,59
MH_TT_18,2,6,MH,M,ub,tt,161
MH_TT_18,3,5,MH,M,ub,tt,248
MH_TT_18,4,5,MH,M,ub,tt,334
MH_TT_18,5,5,MH,M,ub,tt,444
MH_TT_18,6,7,MH,M,ub,tt,587
MH_TT_18,7,6,MH,M,ub,tt,797
MH_TT_18,8,4,MH,M,ub,tt,987
MH_TT_18,9,4,MH,M,ub,tt,1261
MH_TT_19,1,2,MH,M,ub,tt,59
MH_TT_19,2,2,MH,M,ub,tt,161
MH_TT_19,3,2,MH,M,ub,tt,248
MH_TT_19,4,3,MH,M,ub,tt,334
MH_TT_19,5,4,MH,M,ub,tt,444
MH_TT_19,6,2,MH,M,ub,tt,587
MH_TT_19,7,3,MH,M,ub,tt,797
MH_TT_19,8,3,MH,M,ub,tt,987
MH_TT_19,9,3,MH,M,ub,tt,1261
MH_TT_20,1,2,MH,H,ub,tt,59
MH_TT_20,2,2,MH,H,ub,tt,161
MH_TT_20,3,3,MH,H,ub,tt,248
MH_TT_20,4,3,MH,H,ub,tt,334
MH_TT_20,5,4,MH,H,ub,tt,444
MH_TT_20,6,4,MH,H,ub,tt,587
MH_TT_20,7,2,MH,H,b,tt,797
MH_TT_20,8,4,MH,H,b,tt,987
MH_TT_20,9,4,MH,H,b,tt,1261
MH_TT_21,1,2,MH,L,ub,tt,59
MH_TT_21,2,2,MH,L,ub,tt,161
MH_TT_21,3,3,MH,L,ub,tt,248
MH_TT_21,4,4,MH,L,ub,tt,334
MH_TT_21,5,4,MH,L,ub,tt,444
MH_TT_21,6,4,MH,L,ub,tt,587
MH_TT_21,7,4,MH,L,b,tt,797
MH_TT_21,8,2,MH,L,b,tt,987
MH_TT_21,9,1,MH,L,b,tt,1261
MH_TT_22,1,4,MH,L,ub,tt,59
MH_TT_22,2,3,MH,L,ub,tt,161
MH_TT_22,3,2,MH,L,ub,tt,248
MH_TT_22,4,2,MH,L,ub,tt,334
MH_TT_22,5,2,MH,L,ub,tt,444
MH_TT_22,6,2,MH,L,ub,tt,587
MH_TT_22,7,2,MH,L,b,tt,797
MH_TT_22,8,2,MH,L,b,tt,987
MH_TT_22,9,2,MH,L,b,tt,1261
MH_TT_23,1,1,MH,H,ub,tt,59
MH_TT_23,2,1,MH,H,ub,tt,161
MH_TT_23,3,2,MH,H,ub,tt,248
MH_TT_23,4,2,MH,H,ub,tt,334
MH_TT_23,5,2,MH,H,ub,tt,444
MH_TT_23,6,2,MH,H,ub,tt,587
MH_TT_23,7,2,MH,H,ub,tt,797
MH_TT_23,8,2,MH,H,ub,tt,987
MH_TT_23,9,2,MH,H,ub,tt,1261
MH_TT_24,1,5,MH,H,ub,tt,59
MH_TT_24,2,8,MH,H,ub,tt,161
MH_TT_24,3,7,MH,H,ub,tt,248
MH_TT_24,4,8,MH,H,ub,tt,334
MH_TT_24,5,8,MH,H,ub,tt,444
MH_TT_24,6,8,MH,H,ub,tt,587
MH_TT_24,7,6,MH,H,b,tt,797
MH_TT_24,8,5,MH,H,b,tt,987
MH_TT_24,9,6,MH,H,b,tt,1261
MH_TT_25,1,2,MH,L,ub,tt,59
MH_TT_25,2,4,MH,L,ub,tt,161
MH_TT_25,3,5,MH,L,ub,tt,248
MH_TT_25,4,6,MH,L,ub,tt,334
MH_TT_25,5,7,MH,L,ub,tt,444
MH_TT_25,6,7,MH,L,ub,tt,587
MH_TT_25,7,3,MH,L,ub,tt,797
MH_TT_25,8,4,MH,L,ub,tt,987
MH_TT_25,9,3,MH,L,ub,tt,1261
MH_TT_26,1,4,MH,H,ub,tt,59
MH_TT_26,2,4,MH,H,ub,tt,161
MH_TT_26,3,4,MH,H,ub,tt,248
MH_TT_26,4,3,MH,H,ub,tt,334
MH_TT_26,5,3,MH,H,ub,tt,444
MH_TT_26,6,4,MH,H,ub,tt,587
MH_TT_26,7,1,MH,H,b,tt,797
MH_TT_26,8,2,MH,H,b,tt,987
MH_TT_26,9,2,MH,H,b,tt,1261
MH_TT_27,1,5,MH,M,ub,tt,59
MH_TT_27,2,6,MH,M,ub,tt,161
MH_TT_27,3,6,MH,M,ub,tt,248
MH_TT_27,4,6,MH,M,ub,tt,334
MH_TT_27,5,6,MH,M,ub,tt,444
MH_TT_27,6,6,MH,M,ub,tt,587
MH_TT_27,7,1,MH,M,b,tt,797
MH_TT_27,8,1,MH,M,b,tt,987
MH_TT_27,9,1,MH,M,b,tt,1261
MH_TT_28,1,4,MH,M,ub,tt,59
MH_TT_28,2,5,MH,M,ub,tt,161
MH_TT_28,3,5,MH,M,ub,tt,248
MH_TT_28,4,4,MH,M,ub,tt,334
MH_TT_28,5,4,MH,M,ub,tt,444
MH_TT_28,6,5,MH,M,ub,tt,587
MH_TT_28,7,2,MH,M,b,tt,797
MH_TT_28,8,2,MH,M,b,tt,987
MH_TT_28,9,1,MH,M,b,tt,1261
MH_TT_29,1,2,MH,M,ub,tt,59
MH_TT_29,2,2,MH,M,ub,tt,161
MH_TT_29,3,2,MH,M,ub,tt,248
MH_TT_29,4,1,MH,M,ub,tt,334
MH_TT_29,5,1,MH,M,ub,tt,444
MH_TT_29,6,1,MH,M,ub,tt,587
MH_TT_29,7,1,MH,M,ub,tt,797
MH_TT_29,8,1,MH,M,ub,tt,987
MH_TT_29,9,1,MH,M,ub,tt,1261
MH_TT_30,1,0,MH,L,ub,tt,59
MH_TT_30,2,0,MH,L,ub,tt,161
MH_TT_30,3,1,MH,L,ub,tt,248
MH_TT_30,4,0,MH,L,ub,tt,334
MH_TT_30,5,0,MH,L,ub,tt,444
MH_TT_30,6,0,MH,L,ub,tt,587
MH_TT_30,7,2,MH,L,b,tt,797
MH_TT_30,8,1,MH,L,b,tt,987
MH_TT_30,9,0,MH,L,b,tt,1261
MH_TT_31,1,6,MH,M,ub,tt,59
MH_TT_31,2,5,MH,M,ub,tt,161
MH_TT_31,3,5,MH,M,ub,tt,248
MH_TT_31,4,4,MH,M,ub,tt,334
MH_TT_31,5,5,MH,M,ub,tt,444
MH_TT_31,6,5,MH,M,ub,tt,587
MH_TT_31,7,1,MH,M,b,tt,797
MH_TT_31,8,1,MH,M,b,tt,987
MH_TT_31,9,1,MH,M,b,tt,1261
